N,tenant,stage,calls,inclusive_wall_s,active_wall_s,inclusive_cpu_s,exclusive_cpu_s,suspended_s
1,tenant-0,temporary_sql.execute,155278,1.094860691001827,1.094860691001827,1.0839979649996483,1.0839979649996483,0.0
1,tenant-0,summary.legacy,1,21.95033517600001,12.76500362600001,12.746291711000062,1.6279904840005885,9.1816268039982
1,tenant-0,snapshot.hydration,1,7.719857299000012,6.270291062999547,6.262028361999993,1.954406965999796,1.4418260959989766
1,tenant-0,mongo.batch_fetch,1457,0.05341071999845326,0.05341071999845326,0.05246866899998315,0.05246866899998315,0.0
1,tenant-0,temporary_sql.executemany,5548,3.9608447589961315,3.9608447589961315,3.9517207900000164,2.242414639000015,0.0
1,tenant-0,serialization._store_value,279974,2.2845067570053175,2.2845067570053175,2.2759839559999295,2.2759839559999295,0.0
1,tenant-0,serialization._decode,1109073,5.2218081859934955,5.2218081859934955,5.203157513999313,5.203157513999313,0.0
1,tenant-0,financial.summarize_orders_sar,1,1.4596594820000064,1.4596594820000064,1.4570025970000007,0.9896935399998661,0.0
1,tenant-0,financial_labels.observe,109092,3.379619780997416,3.379619780997416,3.370106420999866,3.3698363899998665,0.0
1,tenant-0,financial_labels.observe_fee_batch,1138,2.461269749999076,2.461269749999076,2.460394370999989,2.4242430280000953,0.0
1,tenant-0,financial_labels.finish,2,0.008258103999992272,0.008258103999992272,0.008258092999998468,0.007281064999965281,0.0
1,tenant-0,financial.compute_balances,1,0.9870293110000148,0.9870293110000148,0.9857167709999999,0.6167551289994115,0.0
1,tenant-0,python.metadata_accumulation,1,1.4558062219999783,1.4558062219999783,1.4537864159999998,1.0811761720002053,0.0
1,tenant-0,financial.operating_reader,1,0.003783623999993324,0.0007216100000846382,0.0007206090000089205,0.000449879000015585,0.0030191200000331264
1,tenant-0,financial.compute_operating_expenses_for_range,1,0.001279808999981924,0.0006536200000368808,0.0006528900000013493,0.00037620200001242665,0.0006089540000289162
1,tenant-0,financial.aggregate_settlements_by_provider,1,0.0007031039999674249,0.00012290299997630427,0.0001223799999969799,0.0001223799999969799,0.0005613640000206033
1,tenant-0,summary.summarize_orders_sar,1,1.2735099800000285,1.2735099800000285,1.2716131930000003,0.8945752420001583,0.0
1,tenant-0,summary.build_mezan_v2_product_cost,1,7.272724880999988,7.238667592001377,7.2152902290000505,4.093101672000973,0.03199999699961609
1,tenant-0,product.catalog,1,0.16985504999996692,0.15273414800014962,0.1515002709999962,0.06651968999990387,0.01704981599993971
1,tenant-0,summary.build_mezan_v2_ads,1,0.0705560129999867,0.0014222410000570562,0.0013046359999968615,0.0009519030000042505,0.0690885869998965
1,tenant-0,summary._dashboard_recurring_totals,1,0.029338947999974607,0.0033309290000147485,0.001658850999998407,0.0002192249999986018,0.025984245999950417
1,tenant-0,financial.recurring_reader,1,0.028563317000021016,0.0025261640000167063,0.0011205850000024498,0.0003465450000028625,0.02601142600002504
1,tenant-0,product.finalize,1,0.8367396650000387,0.8367396650000387,0.8239044600000014,0.4871529439999769,0.0
1,tenant-0,summary.build_salla_ads_executive_breakdown,1,1.9648743710000076,1.9648743710000076,1.9620377469999966,1.5714752850006555,0.0
2,tenant-0,temporary_sql.execute,155278,1.1072112470108664,1.1072112470108664,1.1036436239999694,1.1036436239999694,0.0
2,tenant-0,summary.legacy,1,44.46715135699998,12.806205877998195,12.782159970000016,1.668452013998949,31.65718019599916
2,tenant-0,snapshot.hydration,1,18.46276590900004,6.818266241001368,6.458361255000014,2.0006572899997224,11.636163318999706
2,tenant-0,mongo.batch_fetch,1457,0.053297186999202495,0.053297186999202495,0.05252408200001679,0.05252408200001679,0.0
2,tenant-0,temporary_sql.executemany,5548,4.462955536000322,4.462955536000322,4.1040378199999346,2.352226990000052,0.0
2,tenant-0,serialization._store_value,279974,2.351514594988373,2.351514594988373,2.3423208240001445,2.3423208240001445,0.0
2,tenant-0,serialization._decode,1109073,5.193397471985179,5.193397471985179,5.177052447003429,5.177052447003429,0.0
2,tenant-0,financial.summarize_orders_sar,1,1.4431744860000322,1.4431744860000322,1.4403710230000009,0.9794019200005053,0.0
2,tenant-0,financial_labels.observe,109092,3.3848140850028017,3.3848140850028017,3.3771651920003727,3.376918959000374,0.0
2,tenant-0,financial_labels.observe_fee_batch,1138,2.4723081710004635,2.4723081710004635,2.470519574999919,2.4325175189996955,0.0
2,tenant-0,financial_labels.finish,2,0.00830935099997987,0.00830935099997987,0.008256800999994596,0.0072342869999957315,0.0
2,tenant-0,financial.compute_balances,1,0.9891612099999634,0.9891612099999634,0.9873713710000018,0.6177606060014398,0.0
2,tenant-0,python.metadata_accumulation,1,1.4821639649999838,1.4821639649999838,1.4798379570000009,1.1030261889987614,0.0
2,tenant-0,financial.operating_reader,1,0.008080358000029264,0.0008134459999951105,0.0007499450000025831,0.0004683470000230727,0.00722556999983226
2,tenant-0,financial.compute_operating_expenses_for_range,1,0.001867666000009649,0.0007922649999727582,0.0007130280000069433,0.00038367599997002344,0.0010624710000115556
2,tenant-0,financial.aggregate_settlements_by_provider,1,1.2334171089999586,0.00013276599997880112,0.00013219600000269338,0.00013219600000269338,1.2332686999999964
2,tenant-0,summary.summarize_orders_sar,1,1.2527281160000143,1.2527281160000143,1.2504934950000006,0.8485369879993598,0.0
2,tenant-0,summary.build_mezan_v2_product_cost,1,15.017450580000002,7.502652099000613,7.461058482000041,4.242750165997528,7.512735599000621
2,tenant-0,product.catalog,1,0.3169688770000221,0.1528373319999332,0.15145178000000925,0.06649750799949317,0.16406541999987212
2,tenant-0,summary.build_mezan_v2_ads,1,0.16167449799996803,0.001715805999992881,0.001378038000005688,0.000922470999988434,0.15992028599998775
2,tenant-0,summary._dashboard_recurring_totals,1,0.06874293900000339,0.002906244999962837,0.0011894160000025522,0.00017592300000046635,0.06581615400006058
2,tenant-0,financial.recurring_reader,1,0.06805451799999673,0.0021902820000150314,0.0007646640000089633,0.0001970910000039794,0.06584155299992744
2,tenant-0,product.finalize,1,0.8670417559999919,0.8670417559999919,0.8659967239999986,0.5288928149999492,0.0
2,tenant-0,summary.build_salla_ads_executive_breakdown,1,1.8115060220000032,1.8115060220000032,1.808365208000005,1.4325347210008132,0.0
2,tenant-1,temporary_sql.execute,155278,1.1148686450003424,1.1148686450003424,1.1103595790009668,1.1103595790009668,0.0
2,tenant-1,summary.legacy,1,43.21846696799997,12.921194303999584,12.899308668000064,1.676021261999735,30.29334132499963
2,tenant-1,snapshot.hydration,1,14.580756269000005,6.894805049000865,6.538399676999983,2.019242614000138,7.677240795998216
2,tenant-1,mongo.batch_fetch,1457,0.0530514799988282,0.0530514799988282,0.05222749500003454,0.05222749500003454,0.0
2,tenant-1,temporary_sql.executemany,5548,4.463477599998441,4.463477599998441,4.107027294000061,2.355479274000154,0.0
2,tenant-1,serialization._store_value,279974,2.352429530986001,2.352429530986001,2.343342638999604,2.343342638999604,0.0
2,tenant-1,serialization._decode,1109073,5.21918943698887,5.21918943698887,5.202574222996745,5.202574222996745,0.0
2,tenant-1,financial.summarize_orders_sar,1,1.4622771589999957,1.4622771589999957,1.4598864979999995,0.9954762340001899,0.0
2,tenant-1,financial_labels.observe,109092,3.422696710999162,3.422696710999162,3.4144145859999675,3.4141384979999465,0.0
2,tenant-1,financial_labels.observe_fee_batch,1138,2.497746365001319,2.497746365001319,2.496229955999823,2.4581771080002106,0.0
2,tenant-1,financial_labels.finish,2,0.008378644000003987,0.008378644000003987,0.008378651999997544,0.007406133999992903,0.0
2,tenant-1,financial.compute_balances,1,0.9928055759999665,0.9928055759999665,0.991064338000001,0.618535809001088,0.0
2,tenant-1,python.metadata_accumulation,1,1.5007557490000067,1.5007557490000067,1.4981284489999993,1.1216780420002834,0.0
2,tenant-1,financial.operating_reader,1,1.4890415369999914,0.0010071550000247953,0.0008687230000177237,0.0005334740000293436,1.4879832869999063
2,tenant-1,financial.compute_operating_expenses_for_range,1,0.0019696630000112236,0.0008479490000468104,0.0007699940000023275,0.0004135079999940672,0.0011032869999780814
2,tenant-1,financial.aggregate_settlements_by_provider,1,0.001639649000026111,0.00011037500007660128,0.00011017400000667976,0.00011017400000667976,0.0015111679999790795
2,tenant-1,summary.summarize_orders_sar,1,1.2303541379999956,1.2303541379999956,1.2283415249999976,0.8572098149989955,0.0
2,tenant-1,summary.build_mezan_v2_product_cost,1,15.40218877000001,7.480043850999834,7.463711663000055,4.238804956001559,7.92008618299991
2,tenant-1,product.catalog,1,1.5847125490000167,0.15690425899998672,0.15358372200000048,0.06696105199957714,1.4277344810000159
2,tenant-1,summary.build_mezan_v2_ads,1,1.3642407130000151,0.0022583370000575087,0.0013553160000085995,0.000813818000011679,1.3619460520000644
2,tenant-1,summary._dashboard_recurring_totals,1,1.284126361999995,0.0028700949998778924,0.0015234419999927695,0.00021563199999263816,1.281231992999892
2,tenant-1,financial.recurring_reader,1,1.282734540999968,0.0014488800000549418,0.0008878180000166935,0.000245446000022298,1.2812594920000038
2,tenant-1,product.finalize,1,0.8712341990000141,0.8712341990000141,0.8699021119999983,0.5303255979998838,0.0
2,tenant-1,summary.build_salla_ads_executive_breakdown,1,1.8201614620000441,1.8201614620000441,1.8169554970000021,1.4411182740012976,0.0
3,tenant-0,temporary_sql.execute,155278,1.1299145699741757,1.1299145699741757,1.1257112450029676,1.1257112450029676,0.0
3,tenant-0,summary.legacy,1,68.61362557599995,12.924656644002084,12.89675044200007,1.713396193998581,55.685195496001086
3,tenant-0,snapshot.hydration,1,30.885231521000037,7.314785806000657,6.585208911999926,2.031884708999744,23.56245006600267
3,tenant-0,mongo.batch_fetch,1457,0.059115214999849286,0.059115214999849286,0.054328242999977405,0.054328242999977405,0.0
3,tenant-0,temporary_sql.executemany,5548,4.908942691996685,4.908942691996685,4.181886248999855,2.4379294189998637,0.0
3,tenant-0,serialization._store_value,279974,2.3415302609923287,2.3415302609923287,2.332876500999422,2.332876500999422,0.0
3,tenant-0,serialization._decode,1109073,5.203975865967152,5.203975865967152,5.187989695002836,5.187989695002836,0.0
3,tenant-0,financial.summarize_orders_sar,1,1.4596134610000036,1.4596134610000036,1.4568367420000001,0.9940466419998373,0.0
3,tenant-0,financial_labels.observe,109092,3.439317200979076,3.439317200979076,3.431529382000214,3.4312852040002397,0.0
3,tenant-0,financial_labels.observe_fee_batch,1138,2.476103659999467,2.476103659999467,2.4726097690003286,2.432329434999737,0.0
3,tenant-0,financial_labels.finish,2,0.008393416999979308,0.008393416999979308,0.008393565000005765,0.00741207800003707,0.0
3,tenant-0,financial.compute_balances,1,0.9999885969999696,0.9999885969999696,0.9980395640000026,0.6246714399999789,0.0
3,tenant-0,python.metadata_accumulation,1,1.4755557729999964,1.4755557729999964,1.4728941230000032,1.097748496000733,0.0
3,tenant-0,financial.operating_reader,1,1.379286718000003,0.0017486699998698896,0.0008454470000174297,0.0006027849999838963,1.3774996930000043
3,tenant-0,financial.compute_operating_expenses_for_range,1,0.041801637000048686,0.0006569049999143317,0.0006565450000124429,0.00037491299994485416,0.04113008000001628
3,tenant-0,financial.aggregate_settlements_by_provider,1,0.08232915300004606,0.00012609700002030877,0.00012571799999250288,0.00012571799999250288,0.08218985599989992
3,tenant-0,summary.summarize_orders_sar,1,1.2350266789999296,1.2350266789999296,1.2321840009999931,0.8581272100019675,0.0
3,tenant-0,summary.build_mezan_v2_product_cost,1,26.452297174000023,7.608954511999286,7.594058803000124,4.371394282996192,18.841225059001204
3,tenant-0,product.catalog,1,1.1234006309999813,0.15598286700014796,0.15462875300002565,0.06780586400024902,0.9673491840003408
3,tenant-0,summary.build_mezan_v2_ads,1,0.2083718039999667,0.0025735200001690828,0.0014941490000097701,0.0011053509999925382,0.20575772199993025
3,tenant-0,summary._dashboard_recurring_totals,1,0.031003964999968048,0.003021416000137833,0.0013604509999822767,0.00023441500002263638,0.027963762000126735
3,tenant-0,financial.recurring_reader,1,0.0292713219999996,0.0012696160000587042,0.0005715199999940523,0.00017360900000085167,0.027982538000173918
3,tenant-0,product.finalize,1,0.8264080640000202,0.8264080640000202,0.8255141350000059,0.4878269179999535,0.0
3,tenant-0,summary.build_salla_ads_executive_breakdown,1,1.8185782250000102,1.8185782250000102,1.8156448229999995,1.4382339949979297,0.0
3,tenant-1,temporary_sql.execute,155278,1.1276663750055604,1.1276663750055604,1.1225255679993782,1.1225255679993782,0.0
3,tenant-1,summary.legacy,1,65.560024731,12.955881118000491,12.933495563000061,1.7093639279992943,52.60039874600011
3,tenant-1,snapshot.hydration,1,26.09266401100001,7.0923579820012606,6.550891576000017,2.037309831999478,18.992087682000772
3,tenant-1,mongo.batch_fetch,1457,0.054831931999444805,0.054831931999444805,0.05360574099999238,0.05360574099999238,0.0
3,tenant-1,temporary_sql.executemany,5548,4.703498805997299,4.703498805997299,4.177371724000068,2.434525483999443,0.0
3,tenant-1,serialization._store_value,279974,2.340371381979992,2.340371381979992,2.3313611320002128,2.3313611320002128,0.0
3,tenant-1,serialization._decode,1109073,5.19195509101246,5.19195509101246,5.175997292993902,5.175997292993902,0.0
3,tenant-1,financial.summarize_orders_sar,1,1.4745699120000495,1.4745699120000495,1.4720241600000001,1.0029363570010723,0.0
3,tenant-1,financial_labels.observe,109092,3.432207138008607,3.432207138008607,3.424418739001414,3.4241828820014177,0.0
3,tenant-1,financial_labels.observe_fee_batch,1138,2.4856937289996495,2.4856937289996495,2.4850105700000142,2.448699692000474,0.0
3,tenant-1,financial_labels.finish,2,0.00901590999990276,0.00901590999990276,0.00865328200000448,0.007412223999942569,0.0
3,tenant-1,financial.compute_balances,1,1.0025727229999575,1.0025727229999575,1.0004531359999973,0.629072245999815,0.0
3,tenant-1,python.metadata_accumulation,1,1.4824536699999271,1.4824536699999271,1.4798949290000039,1.1058770679998418,0.0
3,tenant-1,financial.operating_reader,1,1.0324952839999924,0.002263039000013123,0.001091174000009687,0.000591704000001414,1.0301958820000436
3,tenant-1,financial.compute_operating_expenses_for_range,1,0.004248344999950859,0.0009222099999988131,0.000713699000002066,0.0003612190000055193,0.0033122249999451014
3,tenant-1,financial.aggregate_settlements_by_provider,1,0.0022527029999537262,0.00011029500001313863,0.00010934200000178862,0.00010934200000178862,0.0021277069999996456
3,tenant-1,summary.summarize_orders_sar,1,1.240790393999987,1.240790393999987,1.238530081999997,0.8664596240013793,0.0
3,tenant-1,summary.build_mezan_v2_product_cost,1,22.10645974399995,7.652905398999565,7.63163708799992,4.401150992002201,14.451455719001046
3,tenant-1,product.catalog,1,1.6153262719999475,0.1573965639997823,0.15411448900002256,0.0671733050017167,1.45785984299971
3,tenant-1,summary.build_mezan_v2_ads,1,0.17931000400005814,0.0015670680000994253,0.0013308369999975866,0.0009250439999846094,0.17770797799994398
3,tenant-1,summary._dashboard_recurring_totals,1,0.05592169200008357,0.0020129480001287448,0.0011083260000219752,0.00018359200001327736,0.05388845299989953
3,tenant-1,financial.recurring_reader,1,0.05546178999998119,0.0015286779999996725,0.0007182070000055774,0.0001692989999924066,0.05390975500017703
3,tenant-1,product.finalize,1,0.8248146030000498,0.8248146030000498,0.8239623799999976,0.48530303599969216,0.0
3,tenant-1,summary.build_salla_ads_executive_breakdown,1,1.8389590290000797,1.8389590290000797,1.835813293000001,1.455586546999882,0.0
3,tenant-2,temporary_sql.execute,155278,1.1312059459744432,1.1312059459744432,1.1249407890011573,1.1249407890011573,0.0
3,tenant-2,summary.legacy,1,64.29271984900004,13.083247798999935,13.052512945000046,1.7335315379980922,51.20552002000176
3,tenant-2,snapshot.hydration,1,22.14486588599999,7.224332857001002,6.681986756999966,2.038826219999576,14.912297631999024
3,tenant-2,mongo.batch_fetch,1457,0.054521057999750155,0.054521057999750155,0.053589522000004,0.053589522000004,0.0
3,tenant-2,temporary_sql.executemany,5548,4.728238319999775,4.728238319999775,4.175945505000211,2.433352297000071,0.0
3,tenant-2,serialization._store_value,279974,2.3388534509693955,2.3388534509693955,2.329520017000686,2.329520017000686,0.0
3,tenant-2,serialization._decode,1109073,5.329537540001013,5.329537540001013,5.312197339007911,5.312197339007911,0.0
3,tenant-2,financial.summarize_orders_sar,1,1.4847202429999697,1.4847202429999697,1.4820872519999995,1.0125676660000416,0.0
3,tenant-2,financial_labels.observe,109092,3.502075686996193,3.502075686996193,3.4937988499998305,3.4935570489998398,0.0
3,tenant-2,financial_labels.observe_fee_batch,1138,2.4927779849980425,2.4927779849980425,2.4921669529999804,2.4546588480001077,0.0
3,tenant-2,financial_labels.finish,2,0.008495849000041744,0.008495849000041744,0.008495876999994323,0.007463663999949688,0.0
3,tenant-2,financial.compute_balances,1,1.00001699500001,1.00001699500001,0.9981271629999995,0.6261438119997891,0.0
3,tenant-2,python.metadata_accumulation,1,1.4869101580000006,1.4869101580000006,1.4843960190000018,1.1082803589997638,0.0
3,tenant-2,financial.operating_reader,1,2.556225010999924,0.0011023819998854378,0.0008685909999996966,0.0005381529999937129,2.5550792860001366
3,tenant-2,financial.compute_operating_expenses_for_range,1,0.0046401659999446565,0.001483951999830424,0.0014833329999959233,0.0005861619999762979,0.003139828999906058
3,tenant-2,financial.aggregate_settlements_by_provider,1,0.003383943000017098,0.00012197099999866623,0.00012144000000091637,0.00012144000000091637,0.003240439000023798
3,tenant-2,summary.summarize_orders_sar,1,1.262651308000045,1.262651308000045,1.2602802270000026,0.8782090830007974,0.0
3,tenant-2,summary.build_mezan_v2_product_cost,1,25.64972397600002,7.691417022000337,7.659152533000025,4.437532826995039,17.95619253400025
3,tenant-2,product.catalog,1,4.336356601000034,0.15895037899986164,0.15511664500002098,0.06810984699949074,4.177329902999986
3,tenant-2,summary.build_mezan_v2_ads,1,2.858067056999971,0.0020834520003063517,0.0013508189999953402,0.000877352000017595,2.8559475800001337
3,tenant-2,summary._dashboard_recurring_totals,1,2.775472996000076,0.0032805040000312147,0.0017099940000235847,0.0002553440000383489,2.77216918900001
3,tenant-2,financial.recurring_reader,1,2.773824063999996,0.0015987229999154806,0.0008692189999806033,0.0002368409999604637,2.772197522000056
3,tenant-2,product.finalize,1,0.8174380450000172,0.8174380450000172,0.8164996009999896,0.48161043799973413,0.0
3,tenant-2,summary.build_salla_ads_executive_breakdown,1,1.8532503409999208,1.8532503409999208,1.8497173559999993,1.4674338409980834,0.0
4,tenant-0,temporary_sql.execute,155278,1.142649411969387,1.142649411969387,1.1371203239993941,1.1371203239993941,0.0
4,tenant-0,summary.legacy,1,89.53303364099997,12.995961247998707,12.968410462999916,1.7766693580009552,76.53320839199819
4,tenant-0,snapshot.hydration,1,33.89830137299998,7.346657868000989,6.668304988999969,2.0477992419996527,26.54354345999775
4,tenant-0,mongo.batch_fetch,1457,0.0552059209970821,0.0552059209970821,0.05508747100007527,0.05508747100007527,0.0
4,tenant-0,temporary_sql.executemany,5548,4.922466925999743,4.922466925999743,4.241627413000423,2.5050492990007935,0.0
4,tenant-0,serialization._store_value,279974,2.333752317984704,2.333752317984704,2.324679103999678,2.324679103999678,0.0
4,tenant-0,serialization._decode,1109073,5.31889354198006,5.31889354198006,5.3002759840033775,5.3002759840033775,0.0
4,tenant-0,financial.summarize_orders_sar,1,1.4571755939999775,1.4571755939999775,1.4542572559999982,0.989412251001319,0.0
4,tenant-0,financial_labels.observe,109092,3.4653583560098014,3.4653583560098014,3.4566008239998567,3.456351490999843,0.0
4,tenant-0,financial_labels.observe_fee_batch,1138,2.454953952999176,2.454953952999176,2.4536670419999496,2.415325373999572,0.0
4,tenant-0,financial_labels.finish,2,0.00860539300003893,0.00860539300003893,0.008531008999995038,0.007417400999997881,0.0
4,tenant-0,financial.compute_balances,1,0.9910227320000331,0.9910227320000331,0.9886385510000082,0.6206198860012648,0.0
4,tenant-0,python.metadata_accumulation,1,1.4654046249999055,1.4654046249999055,1.4621215969999923,1.0884086720000568,0.0
4,tenant-0,financial.operating_reader,1,2.9691110869999875,0.001440729000137253,0.0008846830000095451,0.000458690999977307,2.967631340999901
4,tenant-0,financial.compute_operating_expenses_for_range,1,0.003756182999950397,0.0007715649999227026,0.0006712670000013077,0.00035816900008001085,0.00297217999991517
4,tenant-0,financial.aggregate_settlements_by_provider,1,0.0024638060000370388,9.649299988723214e-05,9.601099999656526e-05,9.601099999656526e-05,0.002354723000053127
4,tenant-0,summary.summarize_orders_sar,1,1.2230153850000534,1.2230153850000534,1.219981433000001,0.8474053839944986,0.0
4,tenant-0,summary.build_mezan_v2_product_cost,1,31.861536371000057,7.7897225879983125,7.77078099799995,4.456286464998669,24.0696181940001
4,tenant-0,product.catalog,1,3.133266920999972,0.15450632299996414,0.15250505800005953,0.06716128900006879,2.9786877929998354
4,tenant-0,summary.build_mezan_v2_ads,1,2.7735381909999433,0.001685709999833307,0.0014811660000049187,0.0009639270000008082,2.771811338000134
4,tenant-0,summary._dashboard_recurring_totals,1,2.583718445000045,0.0028045479999718737,0.0012293769999871529,0.00017662199999790573,2.5808931169999596
4,tenant-0,financial.recurring_reader,1,2.582103988999961,0.001164553999956297,0.0007718969999928049,0.00021720300000538373,2.5809172940000735
4,tenant-0,product.finalize,1,0.8289546380000274,0.8289546380000274,0.8275821600000057,0.4913291390000296,0.0
4,tenant-0,summary.build_salla_ads_executive_breakdown,1,1.8236682680000058,1.8236682680000058,1.8197587199999958,1.4391354650010015,0.0
4,tenant-1,temporary_sql.execute,155278,1.1567907250066582,1.1567907250066582,1.1485486520004577,1.1485486520004577,0.0
4,tenant-1,summary.legacy,1,92.02848536199997,13.102112009001644,13.072640440000248,1.77751241299991,78.9225258189997
4,tenant-1,snapshot.hydration,1,33.98561095799994,7.285220162997348,6.655681483999931,2.0553222840000975,26.692370665999874
4,tenant-1,mongo.batch_fetch,1457,0.0555544010005633,0.0555544010005633,0.054179114999989286,0.054179114999989286,0.0
4,tenant-1,temporary_sql.executemany,5548,4.87020966598925,4.87020966598925,4.239093710000121,2.5030197009989856,0.0
4,tenant-1,serialization._store_value,279974,2.3350125560026527,2.3350125560026527,2.32609577000044,2.32609577000044,0.0
4,tenant-1,serialization._decode,1109073,5.333800866002321,5.333800866002321,5.314667222006211,5.314667222006211,0.0
4,tenant-1,financial.summarize_orders_sar,1,1.4759767470000043,1.4759767470000043,1.472734132999996,1.0066513689992647,0.0
4,tenant-1,financial_labels.observe,109092,3.481569133008975,3.481569133008975,3.47221215100042,3.4719632980004107,0.0
4,tenant-1,financial_labels.observe_fee_batch,1138,2.4785119539988045,2.4785119539988045,2.477183147000055,2.438820853000223,0.0
4,tenant-1,financial_labels.finish,2,0.00829744700001811,0.00829744700001811,0.00829747200000952,0.007377666000039085,0.0
4,tenant-1,financial.compute_balances,1,0.9967935949999855,0.9967935949999855,0.9943496629999942,0.6228403390006321,0.0
4,tenant-1,python.metadata_accumulation,1,1.4804105029999164,1.4804105029999164,1.4767343389999894,1.1043541449993057,0.0
4,tenant-1,financial.operating_reader,1,0.015227348000053098,0.0008153510001420727,0.0007049670000185415,0.0004253120000328181,0.014379087000065738
4,tenant-1,financial.compute_operating_expenses_for_range,1,1.2500459109999156,0.001254319999816289,0.000998404000000619,0.0004230849999800057,1.2487763960000393
4,tenant-1,financial.aggregate_settlements_by_provider,1,1.23745528500001,0.00013109600001826038,0.00013063400000135061,0.00013063400000135061,1.2373092789999873
4,tenant-1,summary.summarize_orders_sar,1,1.2429063649999534,1.2429063649999534,1.2400881020000014,0.8623020219989428,0.0
4,tenant-1,summary.build_mezan_v2_product_cost,1,34.04605740000011,7.850904934999221,7.828231430000045,4.510138030996487,26.19292761699944
4,tenant-1,product.catalog,1,0.7308267870000691,0.1576155889998745,0.15431479099999024,0.0671352410010968,0.5731390680002733
4,tenant-1,summary.build_mezan_v2_ads,1,0.37563837400000466,0.0016144150000627633,0.0014787669999947184,0.0010167950000266046,0.3739859519999982
4,tenant-1,summary._dashboard_recurring_totals,1,0.1481844390000333,0.0029452060000494384,0.0011203639999877169,0.0001641319999805546,0.14520185800006402
4,tenant-1,financial.recurring_reader,1,0.14765840800009755,0.002412985999967532,0.000769884000007437,0.00018341300000201954,0.14522518299997955
4,tenant-1,product.finalize,1,0.8291325620000407,0.8291325620000407,0.8280626820000094,0.48944361399999536,0.0
4,tenant-1,summary.build_salla_ads_executive_breakdown,1,1.8149063899999192,1.8149063899999192,1.8108403290000012,1.4349056829990587,0.0
4,tenant-2,temporary_sql.execute,155278,1.1503315959829479,1.1503315959829479,1.1426823669984731,1.1426823669984731,0.0
4,tenant-2,summary.legacy,1,90.77148285699991,13.10297321099813,13.071453024999927,1.7760897989941875,77.66461289999961
4,tenant-2,snapshot.hydration,1,41.73648923799999,7.315623985996467,6.649365659000058,2.0619471140005112,34.41231462400242
4,tenant-2,mongo.batch_fetch,1457,0.059306245000698254,0.059306245000698254,0.05476854199998238,0.05476854199998238,0.0
4,tenant-2,temporary_sql.executemany,5548,4.886450056006538,4.886450056006538,4.220522273000228,2.483639018000165,0.0
4,tenant-2,serialization._store_value,279974,2.333613483012982,2.333613483012982,2.324667890999461,2.324667890999461,0.0
4,tenant-2,serialization._decode,1109073,5.280575366928474,5.280575366928474,5.263031544005624,5.263031544005624,0.0
4,tenant-2,financial.summarize_orders_sar,1,1.5054299050000282,1.5054299050000282,1.5024486009999976,1.0282203769993998,0.0
4,tenant-2,financial_labels.observe,109092,3.483227929994996,3.483227929994996,3.4744807380020575,3.4742442550020485,0.0
4,tenant-2,financial_labels.observe_fee_batch,1138,2.479960445997449,2.479960445997449,2.4784957680001725,2.4398685740003287,0.0
4,tenant-2,financial_labels.finish,2,0.008854342999939036,0.008854342999939036,0.008540984000006802,0.0073144490000487394,0.0
4,tenant-2,financial.compute_balances,1,0.9923142779999807,0.9923142779999807,0.9904864770000046,0.6198385319999176,0.0
4,tenant-2,python.metadata_accumulation,1,1.4755107490000228,1.4755107490000228,1.4722579059999958,1.1006898929994264,0.0
4,tenant-2,financial.operating_reader,1,1.493665483999962,0.0007949879998250253,0.0007105870000003733,0.000431264000013698,1.4928344229999766
4,tenant-2,financial.compute_operating_expenses_for_range,1,0.007002909999982876,0.0018964140000434782,0.0013621430000085866,0.0005051190000386896,0.005095649999930174
4,tenant-2,financial.aggregate_settlements_by_provider,1,1.2479127880000078,0.00010881199989398738,0.00010841100001357518,0.00010841100001357518,1.2477908669999351
4,tenant-2,summary.summarize_orders_sar,1,1.2287898649999534,1.2287898649999534,1.2257569550000085,0.8533859399995833,0.0
4,tenant-2,summary.build_mezan_v2_product_cost,1,36.15156674800005,7.6982130650003455,7.676201699000231,4.380919076000822,28.45115860800172
4,tenant-2,product.catalog,1,2.003939695999975,0.15670526999997492,0.15238471300001777,0.06675851100074226,1.8471594259995072
4,tenant-2,summary.build_mezan_v2_ads,1,1.558416174999934,0.001893980000090778,0.001400290000020732,0.0008841340000032005,1.556489726999871
4,tenant-2,summary._dashboard_recurring_totals,1,1.421790791000035,0.0026119569999991654,0.0013163509999998269,0.00018844099997750163,1.4191597460001049
4,tenant-2,financial.recurring_reader,1,1.4213860309999973,0.0021795549997705166,0.0008903269999933627,0.0002071120000124438,1.4191830030000574
4,tenant-2,product.finalize,1,0.8262688109999772,0.8262688109999772,0.8252683510000054,0.48380376299957106,0.0
4,tenant-2,summary.build_salla_ads_executive_breakdown,1,1.8105633530000205,1.8105633530000205,1.8071236250000027,1.4330589719992872,0.0
4,tenant-3,temporary_sql.execute,155278,1.154449613009092,1.154449613009092,1.14388848899957,1.14388848899957,0.0
4,tenant-3,summary.legacy,1,88.2810198730001,13.141919773999689,13.115735486999895,1.7809495420029056,75.13524405499822
4,tenant-3,snapshot.hydration,1,29.899474125999973,7.241215196001349,6.657569386999985,2.0721601689995333,22.649804493998317
4,tenant-3,mongo.batch_fetch,1457,0.05683554100164656,0.05683554100164656,0.05460473800001653,0.05460473800001653,0.0
4,tenant-3,temporary_sql.executemany,5548,4.817569723000247,4.817569723000247,4.2338635060001355,2.4968376200001234,0.0
4,tenant-3,serialization._store_value,279974,2.3373953239929506,2.3373953239929506,2.3285324900006046,2.3285324900006046,0.0
4,tenant-3,serialization._decode,1109073,5.282608776033385,5.282608776033385,5.263563613998443,5.263563613998443,0.0
4,tenant-3,financial.summarize_orders_sar,1,1.474092674000076,1.474092674000076,1.470969715999999,1.0074434169997097,0.0
4,tenant-3,financial_labels.observe,109092,3.514059477016417,3.514059477016417,3.505420105000063,3.505182252000104,0.0
4,tenant-3,financial_labels.observe_fee_batch,1138,2.4927630890002774,2.4927630890002774,2.491287942000021,2.452640547000982,0.0
4,tenant-3,financial_labels.finish,2,0.008320898999954807,0.008320898999954807,0.008320916999991823,0.007360557000069434,0.0
4,tenant-3,financial.compute_balances,1,1.0057686810000632,1.0057686810000632,1.0035278109999979,0.6280183620018533,0.0
4,tenant-3,python.metadata_accumulation,1,1.4849604089999957,1.4849604089999957,1.4821592320000008,1.1118055570023984,0.0
4,tenant-3,financial.operating_reader,1,4.432323554999925,0.0008672749999050211,0.0008172349999853168,0.000489200000032497,4.431412625000121
4,tenant-3,financial.compute_operating_expenses_for_range,1,0.0033413479999353513,0.0012079820000963082,0.000936391000010417,0.0004231209999687735,0.0021145480001223405
4,tenant-3,financial.aggregate_settlements_by_provider,1,0.004255433000025732,0.00012003700010154716,0.0001201679999951466,0.0001201679999951466,0.004114975000106824
4,tenant-3,summary.summarize_orders_sar,1,1.2424137670000164,1.2424137670000164,1.2394123920000055,0.8678434890002791,0.0
4,tenant-3,summary.build_mezan_v2_product_cost,1,32.161656634999986,7.787723434000554,7.730179612000015,4.404045995992973,24.371721506998256
4,tenant-3,product.catalog,1,4.360790126999973,0.16049009099981504,0.15343163299996831,0.06719419699973628,4.200208538000197
4,tenant-3,summary.build_mezan_v2_ads,1,3.907065002999957,0.0014727359998687461,0.0013328300000097215,0.000934404999952676,3.905550104999975
4,tenant-3,summary._dashboard_recurring_totals,1,2.502061550999997,0.002494645999945533,0.0013466690000143444,0.0002535449999498951,2.4995455419999644
4,tenant-3,financial.recurring_reader,1,2.500924418000068,0.0013298040000790934,0.00072314500000914,0.00021408000003475536,2.4995711310001525
4,tenant-3,product.finalize,1,0.839793984000039,0.839793984000039,0.8386387509999906,0.4988784820001939,0.0
4,tenant-3,summary.build_salla_ads_executive_breakdown,1,1.8271512120001034,1.8271512120001034,1.8230492779999992,1.444777937000822,0.0
