6	0	.github/workflows/mz2-accounting-module.yml
57	0	.github/workflows/mz2-accounting-ui-h2.yml
36	0	.github/workflows/mz2-accounting-ui-phase2.yml
49	0	.github/workflows/mz2-advertising-v2.yml
17	1	.github/workflows/mz2-onboarding-integration.yml
62	0	.github/workflows/mz2-supplier-native-invoice-v2.yml
64	0	.github/workflows/mz2-supplier-payments-v2.yml
84	0	.github/workflows/mz2-track-f-contract.yml
79	0	.github/workflows/mz2-track-g-ssot.yml
359	0	backend/accounting_advertising_automation.py
207	0	backend/accounting_advertising_bridge.py
230	0	backend/accounting_advertising_contract.py
108	0	backend/accounting_advertising_policy.py
77	0	backend/accounting_advertising_routes.py
204	0	backend/accounting_advertising_setup.py
157	0	backend/accounting_advertising_sources.py
169	0	backend/accounting_advertising_wallet.py
6	0	backend/accounting_atomic.py
68	0	backend/accounting_bank_transfer_bindings.py
18	82	backend/accounting_bank_transfer_receipts.py
10	9	backend/accounting_courier_bank_routes.py
13	0	backend/accounting_currency.py
185	0	backend/accounting_currency_codes.json
2	2	backend/accounting_customer_advances.py
2	1	backend/accounting_customer_refund_routes.py
2	8	backend/accounting_daily_movements.py
43	0	backend/accounting_driver_payment_port.py
270	0	backend/accounting_driver_payment_review.py
76	67	backend/accounting_employee_finance.py
42	9	backend/accounting_financial_accounts.py
80	0	backend/accounting_financial_identity.py
32	0	backend/accounting_ledger_v2.py
4	26	backend/accounting_module_ledger.py
28	43	backend/accounting_module_opening_balances.py
223	195	backend/accounting_mz2_reports.py
66	6	backend/accounting_onboarding.py
45	0	backend/accounting_onboarding_contract.py
115	102	backend/accounting_onboarding_domains.py
34	23	backend/accounting_onboarding_identities.py
46	0	backend/accounting_onboarding_setup_routes.py
349	0	backend/accounting_onboarding_ssot.py
15	0	backend/accounting_opening_quarantine.py
31	78	backend/accounting_settlement_routes.py
3	7	backend/accounting_settlement_service.py
42	0	backend/accounting_shipping_bank_port.py
323	0	backend/accounting_shipping_native.py
161	0	backend/accounting_shipping_native_contract.py
175	0	backend/accounting_shipping_native_evidence.py
40	0	backend/accounting_shipping_native_observer.py
139	0	backend/accounting_shipping_native_routes.py
113	0	backend/accounting_shipping_native_setup.py
17	0	backend/accounting_supplier_financial_port.py
438	0	backend/accounting_supplier_payments_v2.py
15	0	backend/accounts_routes.py
5	1	backend/ad_account_routes.py
222	30	backend/employee_payroll_status.py
429	77	backend/employees_v2_routes.py
13	2	backend/expenses_routes.py
4	0	backend/financial_provider_apps.py
13	1	backend/fulfillment_v2_routes.py
115	0	backend/integrations_control_center/ad_daily_close_proof.py
16	1	backend/integrations_control_center/google_ads_reporting.py
10	1	backend/integrations_control_center/meta_native_reporting.py
8	0	backend/integrations_control_center/tiktok_native_reporting.py
8	53	backend/ledger_core.py
5	0	backend/ledger_routes.py
22	14	backend/liabilities_routes.py
8	271	backend/mezan_supplier_management_routes.py
8	1	backend/migration_routes.py
36	3	backend/operational_atomic.py
2	0	backend/order_engine/__init__.py
16	0	backend/order_engine/repository.py
2	0	backend/server.py
6	0	backend/snapchat_v2/client.py
26	0	backend/snapchat_v2/projections.py
803	37	backend/store_delivery_driver_app_routes.py
25	139	backend/store_delivery_payment_review_routes.py
285	0	backend/supplier_debit_identity_v2.py
216	0	backend/supplier_debit_setup_atomic.py
22	1	backend/supplier_identity_service.py
5	0	backend/supplier_invoice_integrity.py
226	0	backend/supplier_native_invoice_v2.py
285	11	backend/supplier_receiving_routes.py
12	0	backend/tests/mz2_report_fixtures.py
59	0	backend/tests/shipping_p02_native_fixture.py
107	0	backend/tests/test_accounting_currency.py
6	1	backend/tests/test_accounting_ledger_v2.py
81	26	backend/tests/test_accounting_onboarding.py
70	16	backend/tests/test_accounting_onboarding_domains.py
33	6	backend/tests/test_accounting_opening_categories.py
118	0	backend/tests/test_accounting_opening_quarantine.py
177	0	backend/tests/test_ad_daily_close_proof.py
97	0	backend/tests/test_bank_transfer_binding_contract.py
34	1	backend/tests/test_employee_payroll_v2_cutover.py
409	0	backend/tests/test_employee_salary_contract_management.py
11	1	backend/tests/test_financial_accounts_real_mongo.py
85	0	backend/tests/test_financial_identity_foundation.py
162	0	backend/tests/test_financial_ledger_identity.py
142	0	backend/tests/test_financial_provider_binding_identity.py
17	0	backend/tests/test_g47_purchase_approval_integration.py
131	0	backend/tests/test_legacy_opening_quarantine.py
8	3	backend/tests/test_mezan_supplier_management.py
316	0	backend/tests/test_mz2_advertising_automation.py
77	0	backend/tests/test_mz2_advertising_policy_review.py
501	0	backend/tests/test_mz2_advertising_v2.py
145	0	backend/tests/test_mz2_advertising_wallet.py
4	0	backend/tests/test_mz2_atomic_recovery.py
27	4	backend/tests/test_mz2_bank_transfer_receipts.py
2	0	backend/tests/test_mz2_customer_advances.py
8	0	backend/tests/test_mz2_daily_movements.py
2	0	backend/tests/test_mz2_daily_refunds.py
316	0	backend/tests/test_mz2_driver_payment_review.py
213	25	backend/tests/test_mz2_employee_finance.py
99	0	backend/tests/test_mz2_financial_identity_consumers.py
14	1	backend/tests/test_mz2_opening_balances.py
7	0	backend/tests/test_mz2_order_recognition.py
4	1	backend/tests/test_mz2_receipt_intake.py
2	0	backend/tests/test_mz2_receivable_workflow.py
29	96	backend/tests/test_mz2_report_isolation.py
8	1	backend/tests/test_mz2_settlements_p01.py
60	0	backend/tests/test_mz2_shipping_bank_port.py
494	0	backend/tests/test_mz2_shipping_native.py
323	924	backend/tests/test_mz2_shipping_p02.py
41	0	backend/tests/test_mz2_supplier_financial_port_integration.py
87	0	backend/tests/test_mz2_supplier_identity.py
321	0	backend/tests/test_mz2_supplier_payments_v2.py
1	0	backend/tests/test_mz2_tabby_signed_credits.py
7	0	backend/tests/test_mz2_write_balance_isolation.py
124	0	backend/tests/test_onboarding_inventory_draft.py
268	0	backend/tests/test_onboarding_ssot_contracts.py
67	0	backend/tests/test_provider_posting_bank_only.py
2	2	backend/tests/test_store_delivery_operational_v2_contract.py
263	0	backend/tests/test_supplier_debit_identity_v2.py
242	0	backend/tests/test_supplier_debit_setup_atomic.py
496	0	backend/tests/test_supplier_native_invoice_v2.py
234	0	backend/tests/test_track_g_native_reports.py
22	2	backend/universal_accounting_routes.py
180	0	docs/MZ2_ADVERTISING_V2_ACCOUNTING_TRACK_E.md
102	0	docs/operations/MZ2-C2-SUPPLIER-NATIVE/CONTRACT.md
48	0	docs/operations/MZ2-C2-SUPPLIER-NATIVE/STATUS.json
137	0	docs/operations/MZ2-EMPLOYEE-SALARY-CONTRACT-MANAGEMENT/STATUS.json
33	0	docs/operations/MZ2-FINAL-INTEGRATION-20261001/FRONTEND-REGRESSION.md
60	0	docs/operations/MZ2-FINAL-INTEGRATION-20261001/STATUS.json
117	0	docs/operations/MZ2-FINAL-INTEGRATION-20261001/WRITER-BLOCKERS.md
95	0	docs/operations/MZ2-FINANCIAL-IDENTITY-FOUNDATION/CONTRACT.md
26	0	docs/operations/MZ2-FINANCIAL-IDENTITY-FOUNDATION/STATUS.json
48	0	docs/operations/MZ2-H2-CURRENCY/STATUS.md
2	0	docs/operations/MZ2-H2-CURRENCY/backend.log
31	0	docs/operations/MZ2-H2-CURRENCY/build.log
15	0	docs/operations/MZ2-H2-CURRENCY/frontend.log
35	0	docs/operations/MZ2-H2-CURRENCY/red.log
11	0	docs/operations/MZ2-H2-INTEGRATION/BROWSER.md
41	0	docs/operations/MZ2-H2-INTEGRATION/E-contract.md
20	0	docs/operations/MZ2-H2-INTEGRATION/F-contract.md
22	0	docs/operations/MZ2-H2-INTEGRATION/G-contract.md
49	0	docs/operations/MZ2-H2-INTEGRATION/STATUS.md
11	0	docs/operations/MZ2-H2-INTEGRATION/adapters.log
31	0	docs/operations/MZ2-H2-INTEGRATION/build.log
57	0	docs/operations/MZ2-H2-INTEGRATION/changed-files.txt
2	0	docs/operations/MZ2-H2-INTEGRATION/currency-backend.log
15	0	docs/operations/MZ2-H2-INTEGRATION/currency-frontend.log
391	0	docs/operations/MZ2-H2-INTEGRATION/frontend.log
-	-	docs/operations/MZ2-H2-INTEGRATION/screenshots/desktop-advertising.png
-	-	docs/operations/MZ2-H2-INTEGRATION/screenshots/desktop-driver.png
-	-	docs/operations/MZ2-H2-INTEGRATION/screenshots/desktop-prepaids.png
-	-	docs/operations/MZ2-H2-INTEGRATION/screenshots/mobile-advertising.png
-	-	docs/operations/MZ2-H2-INTEGRATION/screenshots/mobile-daily-desk.png
-	-	docs/operations/MZ2-H2-INTEGRATION/screenshots/mobile-driver.png
-	-	docs/operations/MZ2-H2-INTEGRATION/screenshots/mobile-obligations.png
-	-	docs/operations/MZ2-H2-INTEGRATION/screenshots/mobile-unavailable.png
70	0	docs/operations/MZ2-TRACK-C-SUPPLIERS/CONTRACT.md
61	0	docs/operations/MZ2-TRACK-C-SUPPLIERS/NATIVE-INVOICE-PRODUCER-TRACE.md
149	0	docs/operations/MZ2-TRACK-C-SUPPLIERS/STATUS.json
61	0	docs/operations/MZ2-TRACK-D-20260930/README.md
1	0	docs/operations/MZ2-TRACK-D-20260930/backend-results.xml
25	0	docs/operations/MZ2-TRACK-D-20260930/browser-results.json
380	0	docs/operations/MZ2-TRACK-D-20260930/frontend-results.json
-	-	docs/operations/MZ2-TRACK-D-20260930/stage10-desktop.png
-	-	docs/operations/MZ2-TRACK-D-20260930/stage10-mobile.png
248	0	docs/operations/MZ2-TRACK-F-20260930/CONTRACT-GAPS.md
58	0	docs/operations/MZ2-TRACK-F-20260930/VALIDATION.json
98	0	docs/operations/MZ2-TRACK-G-20260930/README.md
158	0	docs/operations/MZ2-TRACK-G-20260930/TEST_RESULTS.json
101	0	docs/operations/MZ2-TRACK-G-20260930/track-g-old-routes.md
57	0	docs/operations/MZ2-TRACK-H/ARCHITECTURE.md
67	0	docs/operations/MZ2-TRACK-H/DELIVERY.md
1257	0	docs/operations/MZ2-TRACK-H/DIFFERENTIAL.json
233	0	docs/operations/MZ2-TRACK-H/PHASE1-SOURCE.md
121	0	docs/operations/MZ2-TRACK-H/browser-results.json
31	0	docs/operations/MZ2-TRACK-H/build.log
20	0	docs/operations/MZ2-TRACK-H/dependencies.log
12	0	docs/operations/MZ2-TRACK-H/focused-tests.log
385	0	docs/operations/MZ2-TRACK-H/frontend-tests.log
-	-	docs/operations/MZ2-TRACK-H/screenshots/daily-desktop.png
-	-	docs/operations/MZ2-TRACK-H/screenshots/daily-mobile.png
-	-	docs/operations/MZ2-TRACK-H/screenshots/home-desktop.png
-	-	docs/operations/MZ2-TRACK-H/screenshots/home-mobile.png
-	-	docs/operations/MZ2-TRACK-H/screenshots/inventory-desktop.png
-	-	docs/operations/MZ2-TRACK-H/screenshots/inventory-mobile.png
-	-	docs/operations/MZ2-TRACK-H/screenshots/journal-detail-mobile.png
-	-	docs/operations/MZ2-TRACK-H/screenshots/reports-desktop.png
-	-	docs/operations/MZ2-TRACK-H/screenshots/reports-empty-mobile.png
-	-	docs/operations/MZ2-TRACK-H/screenshots/reports-error-mobile.png
-	-	docs/operations/MZ2-TRACK-H/screenshots/reports-loading-mobile.png
-	-	docs/operations/MZ2-TRACK-H/screenshots/reports-mobile.png
-	-	docs/operations/MZ2-TRACK-H/screenshots/reports-unavailable-mobile.png
-	-	docs/operations/MZ2-TRACK-H/screenshots/settlements-desktop.png
-	-	docs/operations/MZ2-TRACK-H/screenshots/settlements-mobile.png
-	-	docs/operations/MZ2-TRACK-H/screenshots/shipping-desktop.png
-	-	docs/operations/MZ2-TRACK-H/screenshots/shipping-mobile.png
150	0	docs/track-g-contracts.md
86	0	docs/track-g-reports.md
98	0	frontend/src/components/suppliers/SupplierPaymentWorkspace.jsx
157	0	frontend/src/components/suppliers/SupplierPaymentWorkspace.test.jsx
53	5	frontend/src/pages/EmployeesV2Management.jsx
74	1	frontend/src/pages/EmployeesV2Management.test.jsx
2	2	frontend/src/pages/FinancialPosition.jsx
2	1	frontend/src/pages/FinancialPositionLedger.jsx
21	98	frontend/src/pages/MezanSuppliersV2.jsx
50	9	frontend/src/pages/MezanSuppliersV2.test.jsx
36	9	frontend/src/pages/accounting/AccountingDailyMovements.jsx
6	0	frontend/src/pages/accounting/AccountingDailyWorkspace.jsx
25	0	frontend/src/pages/accounting/AccountingDirectory.jsx
21	13	frontend/src/pages/accounting/AccountingFinancialAccounts.jsx
28	149	frontend/src/pages/accounting/AccountingFinancialAccounts.test.jsx
1	1	frontend/src/pages/accounting/AccountingPayroll.jsx
111	0	frontend/src/pages/accounting/AccountingPhase2.test.jsx
102	53	frontend/src/pages/accounting/AccountingReports.jsx
29	19	frontend/src/pages/accounting/AccountingSettlementRegister.jsx
18	8	frontend/src/pages/accounting/AccountingSettlements.jsx
34	3	frontend/src/pages/accounting/AccountingSettlements.test.jsx
10	36	frontend/src/pages/accounting/AccountingShared.jsx
27	13	frontend/src/pages/accounting/AccountingShippingCod.jsx
82	0	frontend/src/pages/accounting/AccountingUI.jsx
7	1	frontend/src/pages/accounting/AccountingWorkflowPages.jsx
1	1	frontend/src/pages/accounting/AccountingWorkspace.jsx
30	0	frontend/src/pages/accounting/CurrencyFields.jsx
106	0	frontend/src/pages/accounting/CurrencyFields.test.jsx
96	0	frontend/src/pages/accounting/accountingUI.css
185	0	frontend/src/pages/accounting/currencyCodes.json
22	0	frontend/src/pages/accounting/currencyRules.js
92	0	frontend/src/pages/accounting/h2/AdvertisingPanel.jsx
76	0	frontend/src/pages/accounting/h2/AdvertisingPanel.test.jsx
31	0	frontend/src/pages/accounting/h2/DailyReviewDesk.jsx
28	0	frontend/src/pages/accounting/h2/DailyReviewDesk.test.jsx
42	0	frontend/src/pages/accounting/h2/DriverPanel.jsx
63	0	frontend/src/pages/accounting/h2/DriverPanel.test.jsx
46	0	frontend/src/pages/accounting/h2/ObligationsPanel.jsx
48	0	frontend/src/pages/accounting/h2/ObligationsPanel.test.jsx
50	0	frontend/src/pages/accounting/h2/advertisingAdapter.js
41	0	frontend/src/pages/accounting/h2/advertisingAdapter.test.js
35	0	frontend/src/pages/accounting/h2/driverAdapter.js
19	0	frontend/src/pages/accounting/h2/h2.css
32	0	frontend/src/pages/accounting/h2/obligationsAdapter.js
95	17	frontend/src/pages/accounting/onboarding/AccountingOnboarding.jsx
60	2	frontend/src/pages/accounting/onboarding/AccountingOnboarding.test.jsx
63	0	frontend/src/pages/accounting/onboarding/OnboardingSsotSetup.jsx
195	0	frontend/src/pages/accounting/onboarding/OnboardingSsotSetup.test.jsx
4	4	frontend/src/pages/accounting/onboarding/OnboardingWizardView.jsx
19	6	frontend/src/pages/accounting/onboarding/OpeningEntityEditor.jsx
68	61	frontend/src/pages/accounting/onboarding/OpeningInventoryEditor.jsx
52	89	frontend/src/pages/accounting/onboarding/OpeningInventoryEditor.test.jsx
3	1	frontend/src/pages/accounting/onboarding/OpeningTermsEditor.jsx
18	0	frontend/src/pages/accounting/onboarding/inventoryCatalogPresentation.js
5	2	frontend/src/pages/accounting/onboarding/onboardingFinancialAdapter.js
27	2	frontend/src/services/accountingOnboarding.js
22	3	frontend/src/services/accountingOnboarding.test.js
4	0	frontend/src/services/employeesV2.js
47	5	frontend/src/services/mezanSuppliersV2.js
30	0	frontend/src/services/mezanSuppliersV2.test.js
5	52	frontend/src/services/onboardingInventoryCatalog.js
8	34	frontend/src/services/onboardingInventoryCatalog.test.js
3	1	frontend/src/services/onboardingSessionController.js
11	0	frontend/src/services/onboardingSessionController.test.js
12	0	scripts/testing/mz2_inventory_d/README.md
44	0	scripts/testing/mz2_inventory_d/browser.cjs
13	0	scripts/testing/mz2_inventory_d/build.cjs
1	0	scripts/testing/mz2_inventory_d/index.html
6	0	scripts/testing/mz2_inventory_d/review.jsx
44	0	scripts/testing/mz2_inventory_d/server.py
4	0	scripts/testing/mz2_inventory_d/styles.css
6	0	scripts/testing/mz2_onboarding_ab/browser.cjs
10	1	scripts/testing/mz2_onboarding_ab/server.py
1	0	scripts/testing/mz2_track_h/.gitignore
9	0	scripts/testing/mz2_track_h/README.md
61	0	scripts/testing/mz2_track_h/fixture-api.js
20	0	scripts/testing/mz2_track_h/h2-advertising-fixture.js
23	0	scripts/testing/mz2_track_h/h2-driver-fixture.js
15	0	scripts/testing/mz2_track_h/h2-obligations-fixture.js
1	0	scripts/testing/mz2_track_h/index.html
19	0	scripts/testing/mz2_track_h/review.jsx
4	0	scripts/testing/mz2_track_h/styles.css
14	0	scripts/testing/mz2_track_h/vite.config.mjs
