M	.github/workflows/mz2-accounting-module.yml
M	.github/workflows/mz2-advertising-v2.yml
M	.github/workflows/mz2-track-f-contract.yml
M	backend/accounting_advertising_bridge.py
M	backend/accounting_advertising_contract.py
M	backend/accounting_advertising_setup.py
M	backend/accounting_advertising_wallet.py
A	backend/accounting_bank_statement_proof.py
M	backend/accounting_bank_transfer_receipts.py
M	backend/accounting_courier_bank_routes.py
M	backend/accounting_customer_advances.py
A	backend/accounting_customer_native.py
M	backend/accounting_customer_refunds.py
M	backend/accounting_daily_movements.py
M	backend/accounting_driver_payment_port.py
M	backend/accounting_employee_finance.py
A	backend/accounting_employee_outgoing_native.py
M	backend/accounting_ledger_v2.py
M	backend/accounting_mz2_reports.py
M	backend/accounting_onboarding_identities.py
M	backend/accounting_order_recognition.py
M	backend/accounting_receipt_service.py
M	backend/accounting_receivable_service.py
A	backend/accounting_recognition_native.py
M	backend/accounting_refund_entitlements.py
A	backend/accounting_settlement_audit.py
M	backend/accounting_settlement_bank_match_routes.py
M	backend/accounting_settlement_identity_routes.py
M	backend/accounting_settlement_lifecycle_routes.py
M	backend/accounting_settlement_routes.py
M	backend/accounting_settlement_service.py
A	backend/tests/customer_native_fixture.py
A	backend/tests/employee_outgoing_native_fixture.py
A	backend/tests/mz2_native_fixture.py
M	backend/tests/test_accounting_ledger_v2.py
A	backend/tests/test_accounting_onboarding_ad_binding.py
M	backend/tests/test_financial_ledger_identity.py
A	backend/tests/test_mz2_advertising_native_reports.py
M	backend/tests/test_mz2_advertising_v2.py
A	backend/tests/test_mz2_advertising_zero_opening.py
M	backend/tests/test_mz2_atomic_recovery.py
M	backend/tests/test_mz2_bank_cod_cutover.py
A	backend/tests/test_mz2_bank_evidence_adapters.py
M	backend/tests/test_mz2_bank_transfer_receipts.py
M	backend/tests/test_mz2_closed_periods.py
M	backend/tests/test_mz2_customer_advances.py
M	backend/tests/test_mz2_daily_movements.py
M	backend/tests/test_mz2_daily_refunds.py
A	backend/tests/test_mz2_driver_bank_evidence.py
M	backend/tests/test_mz2_driver_payment_review.py
M	backend/tests/test_mz2_employee_finance.py
A	backend/tests/test_mz2_employee_outgoing_reports.py
M	backend/tests/test_mz2_historical_position.py
M	backend/tests/test_mz2_opening_balances.py
M	backend/tests/test_mz2_order_recognition.py
M	backend/tests/test_mz2_order_refunds.py
M	backend/tests/test_mz2_receipt_intake.py
M	backend/tests/test_mz2_receivable_workflow.py
A	backend/tests/test_mz2_recognition_cutover.py
M	backend/tests/test_mz2_refund_entitlements.py
M	backend/tests/test_mz2_report_isolation.py
A	backend/tests/test_mz2_settlement_native_audit.py
M	backend/tests/test_mz2_settlements_p01.py
M	backend/tests/test_mz2_tabby_signed_credits.py
M	backend/tests/test_mz2_write_balance_isolation.py
M	backend/tests/test_mz2_write_control.py
A	docs/operations/MZ2-FINAL-INTEGRATION-20261001/CUTOVER-CHANGED-FILES.tsv
A	docs/operations/MZ2-FINAL-INTEGRATION-20261001/CUTOVER-CI-CHECKPOINT.json
A	docs/operations/MZ2-FINAL-INTEGRATION-20261001/CUTOVER-CI-FINAL.json
A	docs/operations/MZ2-FINAL-INTEGRATION-20261001/CUTOVER-CI-FINAL.md
A	docs/operations/MZ2-FINAL-INTEGRATION-20261001/CUTOVER-CI-HISTORY.json
A	docs/operations/MZ2-FINAL-INTEGRATION-20261001/CUTOVER-COMPLETION.md
A	docs/operations/MZ2-FINAL-INTEGRATION-20261001/CUTOVER-EVIDENCE.json
M	docs/operations/MZ2-FINAL-INTEGRATION-20261001/REMAINING-BLOCKERS.md
M	docs/operations/MZ2-FINAL-INTEGRATION-20261001/STATUS.json
A	docs/operations/MZ2-FINAL-INTEGRATION-20261001/evidence/cutover/FRONTEND-BASELINE-COMPARISON.md
A	docs/operations/MZ2-FINAL-INTEGRATION-20261001/evidence/cutover/advertising-native-reports.txt
A	docs/operations/MZ2-FINAL-INTEGRATION-20261001/evidence/cutover/cutover-accounting-g47-first.log
A	docs/operations/MZ2-FINAL-INTEGRATION-20261001/evidence/cutover/cutover-accounting-g47-selection.txt
A	docs/operations/MZ2-FINAL-INTEGRATION-20261001/evidence/cutover/cutover-cross-domain-reports.log
A	docs/operations/MZ2-FINAL-INTEGRATION-20261001/evidence/cutover/cutover-frontend-full.log
A	docs/operations/MZ2-FINAL-INTEGRATION-20261001/evidence/cutover/cutover-native-audit-root.log
A	docs/operations/MZ2-FINAL-INTEGRATION-20261001/evidence/cutover/final-release-gate.txt
A	docs/operations/MZ2-FINAL-INTEGRATION-20261001/evidence/cutover/foreign-wallet-zero-broad.txt
A	docs/operations/MZ2-FINAL-INTEGRATION-20261001/evidence/cutover/foreign-wallet-zero-focused.txt
A	docs/operations/MZ2-FINAL-INTEGRATION-20261001/evidence/cutover/foreign-wallet-zero-ui.txt
A	docs/operations/MZ2-FINAL-INTEGRATION-20261001/evidence/cutover/frontend-baseline-comparison.json
A	docs/operations/MZ2-FINAL-INTEGRATION-20261001/evidence/cutover/onboarding-ad-binding-regression.log
A	docs/operations/MZ2-FINAL-INTEGRATION-20261001/evidence/cutover/onboarding-ad-binding.log
A	docs/operations/MZ2-FINAL-INTEGRATION-20261001/evidence/cutover/refund-reversal-period-regression.log
A	docs/operations/MZ2-FINAL-INTEGRATION-20261001/evidence/cutover/release-readiness-diagnosis.txt
A	docs/operations/MZ2-FINAL-INTEGRATION-20261001/evidence/cutover/review-refund-reversal-probe.py
A	docs/operations/MZ2-FINAL-INTEGRATION-20261001/evidence/cutover/settlement-native-audit-before.txt
A	docs/operations/MZ2-FINAL-INTEGRATION-20261001/evidence/cutover/settlement-native-audit-final-focused.txt
A	docs/operations/MZ2-FINAL-INTEGRATION-20261001/evidence/cutover/settlement-native-audit-regression.txt
M	frontend/src/pages/StoreDeliveryPaymentReview.jsx
A	frontend/src/pages/StoreDeliveryPaymentReview.test.jsx
A	frontend/src/pages/accounting/h2/AdvertisingBankMovement.jsx
A	frontend/src/pages/accounting/h2/AdvertisingBankMovement.test.jsx
M	frontend/src/pages/accounting/h2/AdvertisingPanel.jsx
M	frontend/src/pages/accounting/h2/AdvertisingPanel.test.jsx
A	frontend/src/pages/accounting/h2/AdvertisingZeroOpening.jsx
A	frontend/src/pages/accounting/h2/AdvertisingZeroOpening.test.jsx
