status	path
M	.github/workflows/mz2-accounting-module.yml
A	.github/workflows/mz2-accounting-ui-h2.yml
A	.github/workflows/mz2-accounting-ui-phase2.yml
A	.github/workflows/mz2-advertising-v2.yml
M	.github/workflows/mz2-onboarding-integration.yml
A	.github/workflows/mz2-supplier-native-invoice-v2.yml
A	.github/workflows/mz2-supplier-payments-v2.yml
A	.github/workflows/mz2-track-f-contract.yml
A	.github/workflows/mz2-track-g-ssot.yml
A	backend/accounting_advertising_automation.py
A	backend/accounting_advertising_bridge.py
A	backend/accounting_advertising_contract.py
A	backend/accounting_advertising_policy.py
A	backend/accounting_advertising_routes.py
A	backend/accounting_advertising_setup.py
A	backend/accounting_advertising_sources.py
A	backend/accounting_advertising_wallet.py
M	backend/accounting_atomic.py
A	backend/accounting_bank_transfer_bindings.py
M	backend/accounting_bank_transfer_receipts.py
M	backend/accounting_courier_bank_routes.py
A	backend/accounting_currency.py
A	backend/accounting_currency_codes.json
M	backend/accounting_customer_advances.py
M	backend/accounting_customer_refund_routes.py
M	backend/accounting_daily_movements.py
A	backend/accounting_driver_payment_port.py
A	backend/accounting_driver_payment_review.py
M	backend/accounting_employee_finance.py
M	backend/accounting_financial_accounts.py
A	backend/accounting_financial_identity.py
M	backend/accounting_ledger_v2.py
M	backend/accounting_module_ledger.py
M	backend/accounting_module_opening_balances.py
M	backend/accounting_mz2_reports.py
M	backend/accounting_onboarding.py
M	backend/accounting_onboarding_contract.py
M	backend/accounting_onboarding_domains.py
M	backend/accounting_onboarding_identities.py
A	backend/accounting_onboarding_setup_routes.py
A	backend/accounting_onboarding_ssot.py
A	backend/accounting_opening_quarantine.py
M	backend/accounting_settlement_routes.py
M	backend/accounting_settlement_service.py
A	backend/accounting_shipping_bank_port.py
A	backend/accounting_shipping_native.py
A	backend/accounting_shipping_native_contract.py
A	backend/accounting_shipping_native_evidence.py
A	backend/accounting_shipping_native_observer.py
A	backend/accounting_shipping_native_routes.py
A	backend/accounting_shipping_native_setup.py
A	backend/accounting_supplier_financial_port.py
A	backend/accounting_supplier_payments_v2.py
M	backend/accounts_routes.py
M	backend/ad_account_routes.py
M	backend/employee_payroll_status.py
M	backend/employees_v2_routes.py
M	backend/expenses_routes.py
M	backend/financial_provider_apps.py
M	backend/fulfillment_v2_routes.py
A	backend/integrations_control_center/ad_daily_close_proof.py
M	backend/integrations_control_center/google_ads_reporting.py
M	backend/integrations_control_center/meta_native_reporting.py
M	backend/integrations_control_center/tiktok_native_reporting.py
M	backend/ledger_core.py
M	backend/ledger_routes.py
M	backend/liabilities_routes.py
M	backend/mezan_supplier_management_routes.py
M	backend/migration_routes.py
M	backend/operational_atomic.py
M	backend/order_engine/__init__.py
M	backend/order_engine/repository.py
M	backend/server.py
M	backend/snapchat_v2/client.py
M	backend/snapchat_v2/projections.py
M	backend/store_delivery_driver_app_routes.py
M	backend/store_delivery_payment_resubmission_routes.py
M	backend/store_delivery_payment_review_routes.py
A	backend/supplier_debit_identity_v2.py
A	backend/supplier_debit_setup_atomic.py
M	backend/supplier_identity_service.py
M	backend/supplier_invoice_integrity.py
A	backend/supplier_native_invoice_v2.py
M	backend/supplier_receiving_routes.py
M	backend/tests/mz2_report_fixtures.py
A	backend/tests/shipping_p02_native_fixture.py
A	backend/tests/test_accounting_currency.py
M	backend/tests/test_accounting_ledger_v2.py
M	backend/tests/test_accounting_onboarding.py
M	backend/tests/test_accounting_onboarding_domains.py
M	backend/tests/test_accounting_opening_categories.py
A	backend/tests/test_accounting_opening_quarantine.py
A	backend/tests/test_ad_daily_close_proof.py
A	backend/tests/test_bank_transfer_binding_contract.py
M	backend/tests/test_employee_payroll_v2_cutover.py
A	backend/tests/test_employee_salary_contract_management.py
M	backend/tests/test_financial_accounts_real_mongo.py
A	backend/tests/test_financial_identity_foundation.py
A	backend/tests/test_financial_ledger_identity.py
A	backend/tests/test_financial_provider_binding_identity.py
M	backend/tests/test_g47_purchase_approval_integration.py
A	backend/tests/test_legacy_opening_quarantine.py
M	backend/tests/test_mezan_supplier_management.py
A	backend/tests/test_mz2_advertising_automation.py
A	backend/tests/test_mz2_advertising_policy_review.py
A	backend/tests/test_mz2_advertising_v2.py
A	backend/tests/test_mz2_advertising_wallet.py
M	backend/tests/test_mz2_atomic_recovery.py
M	backend/tests/test_mz2_bank_transfer_receipts.py
M	backend/tests/test_mz2_customer_advances.py
M	backend/tests/test_mz2_daily_movements.py
M	backend/tests/test_mz2_daily_refunds.py
A	backend/tests/test_mz2_driver_payment_review.py
M	backend/tests/test_mz2_employee_finance.py
A	backend/tests/test_mz2_financial_identity_consumers.py
M	backend/tests/test_mz2_opening_balances.py
M	backend/tests/test_mz2_order_recognition.py
M	backend/tests/test_mz2_receipt_intake.py
M	backend/tests/test_mz2_receivable_workflow.py
M	backend/tests/test_mz2_report_isolation.py
M	backend/tests/test_mz2_settlements_p01.py
A	backend/tests/test_mz2_shipping_bank_port.py
A	backend/tests/test_mz2_shipping_native.py
M	backend/tests/test_mz2_shipping_p02.py
A	backend/tests/test_mz2_supplier_financial_port_integration.py
A	backend/tests/test_mz2_supplier_identity.py
A	backend/tests/test_mz2_supplier_payments_v2.py
M	backend/tests/test_mz2_tabby_signed_credits.py
M	backend/tests/test_mz2_write_balance_isolation.py
A	backend/tests/test_onboarding_inventory_draft.py
A	backend/tests/test_onboarding_ssot_contracts.py
A	backend/tests/test_provider_posting_bank_only.py
M	backend/tests/test_store_delivery_operational_v2_contract.py
A	backend/tests/test_supplier_debit_identity_v2.py
A	backend/tests/test_supplier_debit_setup_atomic.py
A	backend/tests/test_supplier_native_invoice_v2.py
A	backend/tests/test_track_g_native_reports.py
M	backend/universal_accounting_routes.py
A	docs/MZ2_ADVERTISING_V2_ACCOUNTING_TRACK_E.md
A	docs/operations/MZ2-C2-SUPPLIER-NATIVE/CONTRACT.md
A	docs/operations/MZ2-C2-SUPPLIER-NATIVE/STATUS.json
A	docs/operations/MZ2-EMPLOYEE-SALARY-CONTRACT-MANAGEMENT/STATUS.json
A	docs/operations/MZ2-FINAL-INTEGRATION-20261001/CHANGED-FILES.tsv
A	docs/operations/MZ2-FINAL-INTEGRATION-20261001/CI-MATRIX.json
A	docs/operations/MZ2-FINAL-INTEGRATION-20261001/CI-MATRIX.md
A	docs/operations/MZ2-FINAL-INTEGRATION-20261001/DELIVERED-WRITER-PROVENANCE.md
A	docs/operations/MZ2-FINAL-INTEGRATION-20261001/FINAL-CHANGED-FILES.tsv
A	docs/operations/MZ2-FINAL-INTEGRATION-20261001/FRONTEND-REGRESSION.md
A	docs/operations/MZ2-FINAL-INTEGRATION-20261001/MZ2_ONLY_SSOT_AUDIT.md
A	docs/operations/MZ2-FINAL-INTEGRATION-20261001/STATUS.json
A	docs/operations/MZ2-FINAL-INTEGRATION-20261001/VERIFICATION.md
A	docs/operations/MZ2-FINAL-INTEGRATION-20261001/WIRING-CHANGED-FILES.tsv
A	docs/operations/MZ2-FINAL-INTEGRATION-20261001/WIRING-CI-FAILURES.md
A	docs/operations/MZ2-FINAL-INTEGRATION-20261001/WIRING-CI-MATRIX.json
A	docs/operations/MZ2-FINAL-INTEGRATION-20261001/WIRING-CI-MATRIX.md
A	docs/operations/MZ2-FINAL-INTEGRATION-20261001/WIRING-EVIDENCE.json
A	docs/operations/MZ2-FINAL-INTEGRATION-20261001/WIRING-VERIFICATION.md
A	docs/operations/MZ2-FINAL-INTEGRATION-20261001/WRITER-BLOCKERS.md
A	docs/operations/MZ2-FINAL-INTEGRATION-20261001/evidence/browser-summary.json
A	docs/operations/MZ2-FINAL-INTEGRATION-20261001/evidence/connected-inventory-desktop.png
A	docs/operations/MZ2-FINAL-INTEGRATION-20261001/evidence/connected-reviewed-desktop.png
A	docs/operations/MZ2-FINAL-INTEGRATION-20261001/evidence/connected-reviewed-mobile.png
A	docs/operations/MZ2-FINAL-INTEGRATION-20261001/evidence/driver-wiring-before-after-summary.txt
A	docs/operations/MZ2-FINAL-INTEGRATION-20261001/evidence/driver-wiring-broad-final-output.txt
A	docs/operations/MZ2-FINAL-INTEGRATION-20261001/evidence/driver-wiring-broad-test-selection.txt
A	docs/operations/MZ2-FINAL-INTEGRATION-20261001/evidence/local-log-manifest.json
A	docs/operations/MZ2-FINAL-INTEGRATION-20261001/evidence/payroll-blocker-probe.log
A	docs/operations/MZ2-FINAL-INTEGRATION-20261001/evidence/wiring-ad-bank-after.log
A	docs/operations/MZ2-FINAL-INTEGRATION-20261001/evidence/wiring-ad-bank-before.log
A	docs/operations/MZ2-FINAL-INTEGRATION-20261001/evidence/wiring-ad-ui.log
A	docs/operations/MZ2-FINAL-INTEGRATION-20261001/evidence/wiring-ads-full.log
A	docs/operations/MZ2-FINAL-INTEGRATION-20261001/evidence/wiring-frontend-summary.txt
A	docs/operations/MZ2-FINAL-INTEGRATION-20261001/evidence/wiring-g47-full.log
A	docs/operations/MZ2-FINAL-INTEGRATION-20261001/evidence/wiring-native-reports-domains.log
A	docs/operations/MZ2-FINAL-INTEGRATION-20261001/evidence/wiring-remaining-blockers.log
A	docs/operations/MZ2-FINAL-INTEGRATION-20261001/payroll_blocker_probe.py
A	docs/operations/MZ2-FINANCIAL-IDENTITY-FOUNDATION/CONTRACT.md
A	docs/operations/MZ2-FINANCIAL-IDENTITY-FOUNDATION/STATUS.json
A	docs/operations/MZ2-H2-CURRENCY/STATUS.md
A	docs/operations/MZ2-H2-CURRENCY/backend.log
A	docs/operations/MZ2-H2-CURRENCY/build.log
A	docs/operations/MZ2-H2-CURRENCY/frontend.log
A	docs/operations/MZ2-H2-CURRENCY/red.log
A	docs/operations/MZ2-H2-INTEGRATION/BROWSER.md
A	docs/operations/MZ2-H2-INTEGRATION/E-contract.md
A	docs/operations/MZ2-H2-INTEGRATION/F-contract.md
A	docs/operations/MZ2-H2-INTEGRATION/G-contract.md
A	docs/operations/MZ2-H2-INTEGRATION/STATUS.md
A	docs/operations/MZ2-H2-INTEGRATION/adapters.log
A	docs/operations/MZ2-H2-INTEGRATION/build.log
A	docs/operations/MZ2-H2-INTEGRATION/changed-files.txt
A	docs/operations/MZ2-H2-INTEGRATION/currency-backend.log
A	docs/operations/MZ2-H2-INTEGRATION/currency-frontend.log
A	docs/operations/MZ2-H2-INTEGRATION/frontend.log
A	docs/operations/MZ2-H2-INTEGRATION/screenshots/desktop-advertising.png
A	docs/operations/MZ2-H2-INTEGRATION/screenshots/desktop-driver.png
A	docs/operations/MZ2-H2-INTEGRATION/screenshots/desktop-prepaids.png
A	docs/operations/MZ2-H2-INTEGRATION/screenshots/mobile-advertising.png
A	docs/operations/MZ2-H2-INTEGRATION/screenshots/mobile-daily-desk.png
A	docs/operations/MZ2-H2-INTEGRATION/screenshots/mobile-driver.png
A	docs/operations/MZ2-H2-INTEGRATION/screenshots/mobile-obligations.png
A	docs/operations/MZ2-H2-INTEGRATION/screenshots/mobile-unavailable.png
A	docs/operations/MZ2-TRACK-C-SUPPLIERS/CONTRACT.md
A	docs/operations/MZ2-TRACK-C-SUPPLIERS/NATIVE-INVOICE-PRODUCER-TRACE.md
A	docs/operations/MZ2-TRACK-C-SUPPLIERS/STATUS.json
A	docs/operations/MZ2-TRACK-D-20260930/README.md
A	docs/operations/MZ2-TRACK-D-20260930/backend-results.xml
A	docs/operations/MZ2-TRACK-D-20260930/browser-results.json
A	docs/operations/MZ2-TRACK-D-20260930/frontend-results.json
A	docs/operations/MZ2-TRACK-D-20260930/stage10-desktop.png
A	docs/operations/MZ2-TRACK-D-20260930/stage10-mobile.png
A	docs/operations/MZ2-TRACK-F-20260930/CONTRACT-GAPS.md
A	docs/operations/MZ2-TRACK-F-20260930/VALIDATION.json
A	docs/operations/MZ2-TRACK-G-20260930/README.md
A	docs/operations/MZ2-TRACK-G-20260930/TEST_RESULTS.json
A	docs/operations/MZ2-TRACK-G-20260930/track-g-old-routes.md
A	docs/operations/MZ2-TRACK-H/ARCHITECTURE.md
A	docs/operations/MZ2-TRACK-H/DELIVERY.md
A	docs/operations/MZ2-TRACK-H/DIFFERENTIAL.json
A	docs/operations/MZ2-TRACK-H/PHASE1-SOURCE.md
A	docs/operations/MZ2-TRACK-H/browser-results.json
A	docs/operations/MZ2-TRACK-H/build.log
A	docs/operations/MZ2-TRACK-H/dependencies.log
A	docs/operations/MZ2-TRACK-H/focused-tests.log
A	docs/operations/MZ2-TRACK-H/frontend-tests.log
A	docs/operations/MZ2-TRACK-H/screenshots/daily-desktop.png
A	docs/operations/MZ2-TRACK-H/screenshots/daily-mobile.png
A	docs/operations/MZ2-TRACK-H/screenshots/home-desktop.png
A	docs/operations/MZ2-TRACK-H/screenshots/home-mobile.png
A	docs/operations/MZ2-TRACK-H/screenshots/inventory-desktop.png
A	docs/operations/MZ2-TRACK-H/screenshots/inventory-mobile.png
A	docs/operations/MZ2-TRACK-H/screenshots/journal-detail-mobile.png
A	docs/operations/MZ2-TRACK-H/screenshots/reports-desktop.png
A	docs/operations/MZ2-TRACK-H/screenshots/reports-empty-mobile.png
A	docs/operations/MZ2-TRACK-H/screenshots/reports-error-mobile.png
A	docs/operations/MZ2-TRACK-H/screenshots/reports-loading-mobile.png
A	docs/operations/MZ2-TRACK-H/screenshots/reports-mobile.png
A	docs/operations/MZ2-TRACK-H/screenshots/reports-unavailable-mobile.png
A	docs/operations/MZ2-TRACK-H/screenshots/settlements-desktop.png
A	docs/operations/MZ2-TRACK-H/screenshots/settlements-mobile.png
A	docs/operations/MZ2-TRACK-H/screenshots/shipping-desktop.png
A	docs/operations/MZ2-TRACK-H/screenshots/shipping-mobile.png
A	docs/track-g-contracts.md
A	docs/track-g-reports.md
A	frontend/src/components/suppliers/SupplierPaymentWorkspace.jsx
A	frontend/src/components/suppliers/SupplierPaymentWorkspace.test.jsx
M	frontend/src/pages/EmployeesV2Management.jsx
M	frontend/src/pages/EmployeesV2Management.test.jsx
M	frontend/src/pages/FinancialPosition.jsx
M	frontend/src/pages/FinancialPositionLedger.jsx
M	frontend/src/pages/MezanSuppliersV2.jsx
M	frontend/src/pages/MezanSuppliersV2.test.jsx
M	frontend/src/pages/accounting/AccountingDailyMovements.jsx
M	frontend/src/pages/accounting/AccountingDailyWorkspace.jsx
A	frontend/src/pages/accounting/AccountingDirectory.jsx
M	frontend/src/pages/accounting/AccountingFinancialAccounts.jsx
M	frontend/src/pages/accounting/AccountingFinancialAccounts.test.jsx
M	frontend/src/pages/accounting/AccountingPayroll.jsx
A	frontend/src/pages/accounting/AccountingPhase2.test.jsx
M	frontend/src/pages/accounting/AccountingReports.jsx
M	frontend/src/pages/accounting/AccountingSettlementRegister.jsx
M	frontend/src/pages/accounting/AccountingSettlements.jsx
M	frontend/src/pages/accounting/AccountingSettlements.test.jsx
M	frontend/src/pages/accounting/AccountingShared.jsx
M	frontend/src/pages/accounting/AccountingShippingCod.jsx
A	frontend/src/pages/accounting/AccountingUI.jsx
M	frontend/src/pages/accounting/AccountingWorkflowPages.jsx
M	frontend/src/pages/accounting/AccountingWorkspace.jsx
A	frontend/src/pages/accounting/CurrencyFields.jsx
A	frontend/src/pages/accounting/CurrencyFields.test.jsx
A	frontend/src/pages/accounting/accountingUI.css
A	frontend/src/pages/accounting/currencyCodes.json
A	frontend/src/pages/accounting/currencyRules.js
A	frontend/src/pages/accounting/h2/AdvertisingPanel.jsx
A	frontend/src/pages/accounting/h2/AdvertisingPanel.test.jsx
A	frontend/src/pages/accounting/h2/DailyReviewDesk.jsx
A	frontend/src/pages/accounting/h2/DailyReviewDesk.test.jsx
A	frontend/src/pages/accounting/h2/DriverPanel.jsx
A	frontend/src/pages/accounting/h2/DriverPanel.test.jsx
A	frontend/src/pages/accounting/h2/ObligationsPanel.jsx
A	frontend/src/pages/accounting/h2/ObligationsPanel.test.jsx
A	frontend/src/pages/accounting/h2/advertisingAdapter.js
A	frontend/src/pages/accounting/h2/advertisingAdapter.test.js
A	frontend/src/pages/accounting/h2/driverAdapter.js
A	frontend/src/pages/accounting/h2/h2.css
A	frontend/src/pages/accounting/h2/obligationsAdapter.js
M	frontend/src/pages/accounting/onboarding/AccountingOnboarding.jsx
M	frontend/src/pages/accounting/onboarding/AccountingOnboarding.test.jsx
A	frontend/src/pages/accounting/onboarding/OnboardingSsotSetup.jsx
A	frontend/src/pages/accounting/onboarding/OnboardingSsotSetup.test.jsx
M	frontend/src/pages/accounting/onboarding/OnboardingWizardView.jsx
M	frontend/src/pages/accounting/onboarding/OpeningEntityEditor.jsx
M	frontend/src/pages/accounting/onboarding/OpeningInventoryEditor.jsx
M	frontend/src/pages/accounting/onboarding/OpeningInventoryEditor.test.jsx
M	frontend/src/pages/accounting/onboarding/OpeningTermsEditor.jsx
A	frontend/src/pages/accounting/onboarding/inventoryCatalogPresentation.js
M	frontend/src/pages/accounting/onboarding/onboardingFinancialAdapter.js
M	frontend/src/services/accountingOnboarding.js
M	frontend/src/services/accountingOnboarding.test.js
M	frontend/src/services/employeesV2.js
M	frontend/src/services/mezanSuppliersV2.js
A	frontend/src/services/mezanSuppliersV2.test.js
M	frontend/src/services/onboardingInventoryCatalog.js
M	frontend/src/services/onboardingInventoryCatalog.test.js
M	frontend/src/services/onboardingSessionController.js
M	frontend/src/services/onboardingSessionController.test.js
A	scripts/testing/mz2_inventory_d/README.md
A	scripts/testing/mz2_inventory_d/browser.cjs
A	scripts/testing/mz2_inventory_d/build.cjs
A	scripts/testing/mz2_inventory_d/index.html
A	scripts/testing/mz2_inventory_d/review.jsx
A	scripts/testing/mz2_inventory_d/server.py
A	scripts/testing/mz2_inventory_d/styles.css
M	scripts/testing/mz2_onboarding_ab/browser.cjs
M	scripts/testing/mz2_onboarding_ab/server.py
A	scripts/testing/mz2_track_h/.gitignore
A	scripts/testing/mz2_track_h/README.md
A	scripts/testing/mz2_track_h/fixture-api.js
A	scripts/testing/mz2_track_h/h2-advertising-fixture.js
A	scripts/testing/mz2_track_h/h2-driver-fixture.js
A	scripts/testing/mz2_track_h/h2-obligations-fixture.js
A	scripts/testing/mz2_track_h/index.html
A	scripts/testing/mz2_track_h/review.jsx
A	scripts/testing/mz2_track_h/styles.css
A	scripts/testing/mz2_track_h/vite.config.mjs
