added	deleted	path
4	12	backend/accounting_advertising_bridge.py
10	21	backend/store_delivery_driver_app_routes.py
3	3	backend/store_delivery_payment_resubmission_routes.py
5	5	backend/store_delivery_payment_review_routes.py
39	2	backend/tests/test_mz2_advertising_v2.py
222	0	backend/tests/test_mz2_driver_payment_review.py
119	0	docs/operations/MZ2-FINAL-INTEGRATION-20261001/DELIVERED-WRITER-PROVENANCE.md
2	0	docs/operations/MZ2-FINAL-INTEGRATION-20261001/MZ2_ONLY_SSOT_AUDIT.md
11	0	docs/operations/MZ2-FINAL-INTEGRATION-20261001/STATUS.json
2	0	docs/operations/MZ2-FINAL-INTEGRATION-20261001/VERIFICATION.md
45	0	docs/operations/MZ2-FINAL-INTEGRATION-20261001/WIRING-VERIFICATION.md
3	1	docs/operations/MZ2-FINAL-INTEGRATION-20261001/WRITER-BLOCKERS.md
6	0	docs/operations/MZ2-FINAL-INTEGRATION-20261001/evidence/payroll-blocker-probe.log
125	0	docs/operations/MZ2-FINAL-INTEGRATION-20261001/payroll_blocker_probe.py
1	1	frontend/src/pages/accounting/h2/AdvertisingPanel.jsx
1	1	frontend/src/pages/accounting/h2/AdvertisingPanel.test.jsx
1	1	frontend/src/pages/accounting/h2/advertisingAdapter.js
