sample,http_ms,python_cpu_ms,visible_products_api_ms,salla_calls,salla_post_calls,mongo_commands,transactions,transaction_total_ms,transaction_max_ms,request_loop_lag_p99_ms
1,1161.3817000034032,390.625,1206.8230000004405,8,1,255,13,460.34179998969194,104.28010000032373,17.626451999531124
2,1113.3968999929493,375.0,1151.8510000023525,8,1,255,13,447.43970000126865,73.55499999539461,12.552556995797204
3,1149.2969999962952,343.75,1197.271199998795,8,1,255,13,388.42790003400296,90.51490000274498,14.247768995119259
4,1306.54350000259,265.625,1359.613000007812,8,1,255,13,535.5889000056777,154.45750000071712,17.944959994347293
5,1201.1759000015445,312.5,1261.4090999995824,8,1,255,13,571.0668999963673,124.18009999964852,16.874899994581927
6,1089.8452999972505,375.0,1134.2930999962846,8,1,255,13,442.51920003443956,91.43699999549426,12.216232987557305
7,1096.5871999942465,265.625,1158.4774999937508,8,1,255,13,410.70330001821276,74.90770000731573,14.87032799617736
8,1056.5321000030963,187.5,1106.4133000036236,8,1,255,13,403.79139996366575,66.76639999204781,13.832979997823715
9,1033.705000008922,250.0,1074.2567000124836,8,1,255,13,401.49150002980605,71.11009999061935,12.094103991694285
10,1060.787700000219,265.625,1115.9191000042483,8,1,255,13,435.0980999879539,72.57099999696948,13.890593996475218
11,1067.955799997435,218.75,1123.241199995391,8,1,255,13,430.62479999207426,92.30540000135079,12.1288300048036
12,1130.1679000025615,234.375,1180.3144000004977,8,1,255,13,435.24620003881864,72.74410000536591,12.087971998553256
13,1029.649000003701,140.625,1067.131200004951,8,1,255,13,396.6092999908142,77.13189999049064,14.152543993113794
14,1060.4981999931624,250.0,1120.8707000041613,8,1,255,13,407.51930001715664,65.45490000280552,13.503365004726216
15,1174.3803999997908,375.0,1215.1727000018582,8,1,255,13,490.33690003852826,106.20070000004489,17.764665988215697
16,1235.0337999960175,484.375,1299.4047000102,8,1,255,13,538.3326000155648,107.6935000019148,23.667328004376046
17,1087.4253999936627,140.625,1142.1430000045802,8,1,255,13,415.99360000691377,76.79719998850487,11.644656005664727
18,1246.4920000056736,328.125,1296.5843999991193,8,1,255,13,545.5995000083931,161.65479998744559,28.034440001356387
19,1147.3107999918284,281.25,1193.2565000024624,8,1,255,13,475.6846999953268,94.7236000065459,11.59892100156867
20,1102.8769999975339,312.5,1143.4138000040548,8,1,255,13,432.50529997749254,74.97969998803455,16.10418498778015
21,1026.1807999922894,218.75,1071.9894999929238,8,1,255,13,404.2961000232026,61.69300001056399,14.314377997652628
22,1003.8726000057068,312.5,1048.6501999985194,8,1,255,13,389.8752000386594,61.259300011442974,11.840936985827302
23,1038.5143000021344,406.25,1081.6101000091294,8,1,255,13,422.7087999897776,77.38000000244938,15.431799984071404
24,1006.0602000012295,234.375,1049.232799996389,8,1,255,13,391.1629000067478,61.25110000721179,16.263255991943876
25,1263.811299999361,531.25,1313.9391000004252,8,1,255,13,615.9562999819173,259.763699999894,19.632988000521447
26,1178.1616999942344,375.0,1203.4490999940317,8,1,255,13,477.9794000060065,86.7419999995036,16.40360800607596
27,948.4602999873459,203.125,988.8089999876684,8,1,255,13,354.2899000021862,71.87319999502506,13.940618001215626
28,906.0777999984566,203.125,958.9231999998447,8,1,255,13,304.1777999897022,64.45279999752529,11.981143996817979
29,906.9827000057558,203.125,938.2460000051651,8,1,255,13,331.08269999502227,53.98649998824112,11.752579996827988
30,928.2158999994863,218.75,981.6856999968877,8,1,255,13,367.6856999954907,71.67070001014508,15.059723993035739
31,920.3157000010833,234.375,951.3540000043577,8,1,255,13,308.0379000166431,58.07270000514109,13.630709996214131
32,913.7578000081703,375.0,942.5686000031419,8,1,255,13,334.9397000129102,69.53839999914635,13.971067995589694
33,920.7913999998709,328.125,972.0019999949727,8,1,255,13,332.2002000059001,62.380000003031455,12.518748985312417
34,913.4306000050856,250.0,945.2632000029553,8,1,255,13,314.62820000888314,59.524900003452785,13.119999993796227
35,918.9846000081161,312.5,972.8911000129301,8,1,255,13,319.4701000029454,60.34250000084285,11.452998002059756
36,948.5495999979321,218.75,1026.1821999883978,8,1,255,13,336.70090000669006,60.710799996741116,15.809634985489543
37,934.9552000057884,296.875,971.6474000015296,8,1,255,13,331.0702000162564,73.97060000221245,11.994013992079989
38,990.7398000068497,437.5,1047.2619000065606,8,1,255,13,381.071499970858,76.89949999621604,11.58774699870264
39,1012.1686999918893,343.75,1066.8737999949371,8,1,255,13,387.1511999896029,72.32560000556987,14.795659996161719
40,1337.7124999969965,500.0,1382.9093999956967,8,1,255,13,638.120500036166,121.01989999064244,12.894127993495214
41,1289.5542000042042,578.125,1379.9835999961942,8,1,255,13,606.8894999916665,134.20689999475144,14.368042996648006
42,1232.3055000015302,484.375,1277.614700011327,8,1,255,13,541.8265999905998,103.23490000155289,11.560431994730598
43,1098.0451999930665,406.25,1136.172999991686,8,1,255,13,431.0628999955952,74.73960000788793,12.289465999056116
44,1033.91849999025,328.125,1095.5053999932716,8,1,255,13,410.7226000051014,72.78129999758676,13.66589998651762
45,1050.633499995456,296.875,1083.7597999925492,8,1,255,13,399.8989000247093,68.68470000335947,13.181524988031015
46,1120.4208999988623,390.625,1172.809600000619,8,1,255,13,450.37130000127945,83.58970000699628,13.35986300386139
47,935.0379999959841,328.125,987.0730999973603,8,1,255,13,333.93260002776515,57.53560000448488,14.393863987643272
48,988.8208000047598,343.75,1023.25589999964,8,1,255,13,375.5073999927845,96.47469999617897,14.84881498981849
49,960.9166000009282,234.375,990.2337999956217,8,1,255,13,329.8252999957185,65.20880000607576,12.577879992022643
50,981.2971000064863,265.625,1013.5336000093957,8,1,255,13,361.5031000081217,63.0337999900803,14.239857990760353
51,901.6905000025872,390.625,934.286699994118,8,1,255,13,308.9142000244465,53.596200013998896,14.04869198158849
52,804.849500011187,234.375,829.737500011106,8,1,255,13,238.7143000087235,48.36649999197107,12.57981499147719
53,912.0081000000937,328.125,945.3714999981457,8,1,255,13,309.9670999799855,53.21220000041649,12.163363989093316
54,1044.2783000034979,296.875,1082.1081000030972,8,1,255,13,429.2626999958884,155.561099993065,11.548463997314684
55,899.5623999944655,187.5,936.0381000005873,8,1,255,13,328.240500020911,76.89930000924505,15.612595000857253
56,955.1167999889003,281.25,1000.1833999995142,8,1,255,13,343.2460000185529,75.33089999924414,12.555970995308597
57,983.8959999906365,312.5,1018.6758999916492,8,1,255,13,348.12649998639245,67.23409998812713,14.95450000220444
58,900.1286999991862,312.5,937.1014000062132,8,1,255,13,316.8213000171818,55.69629999808967,11.26423599256666
59,911.7923000012524,218.75,962.8904999990482,8,1,255,13,307.59079997369554,57.76309999055229,14.144675991847166
60,922.9554000048665,234.375,972.9750999977114,8,1,255,13,311.95180004579015,54.32039999868721,13.395547983964224
61,938.8884000072721,250.0,968.3074000058696,8,1,255,13,359.0298999915831,61.8904000002658,14.767065986379752
62,963.2396999950288,312.5,992.337799994857,8,1,255,13,349.483300029533,63.35360000957735,13.656399998581037
63,922.2276999935275,296.875,959.4197999977041,8,1,255,13,327.1332000149414,67.02200000290759,14.532051982241683
64,906.3833000109298,343.75,934.1311000025598,8,1,255,13,292.0735999941826,53.3828000043286,14.816384000005199
65,897.9721999930916,281.25,945.94849999703,8,1,255,13,314.5405000250321,60.23519999871496,11.860658998484723
66,960.6352999981027,406.25,1000.0342999992426,8,1,255,13,339.971900000819,81.99839999724645,14.416245993488696
67,923.8823999912711,203.125,983.143099991139,8,1,255,13,331.16689999587834,64.85120000434108,14.448463992739565
68,865.744700000505,281.25,902.5924999878043,8,1,255,13,290.53169999679085,52.165000000968575,12.469885993341444
69,922.4069000047166,328.125,961.8126999994274,8,1,255,13,349.7437999903923,70.19079999008682,11.41323799471138
70,1392.6068000000669,765.625,1425.5954999971436,8,1,255,13,325.9805000270717,60.22730001132004,11.863110998674532
71,945.5593000020599,343.75,987.6785999949789,8,1,255,13,335.80140002595726,61.94690000847913,14.337559987616256
72,921.6835999977775,234.375,970.6602000078419,8,1,255,13,325.49610002024565,57.1607000019867,13.096567993634377
73,864.9359999981243,250.0,900.2494000014849,8,1,255,13,270.59200004441664,60.82110000716057,13.114500989904627
74,811.6810000065016,187.5,848.1087000109255,8,1,255,13,263.19579998380505,56.728199997451156,11.299724996933953
75,900.4612000135239,265.625,944.903500014334,8,1,255,13,317.6709000108531,57.63759999535978,13.783887999015857
76,912.4653000035323,312.5,945.9597999957623,8,1,255,13,333.2063000125345,55.87689999083523,15.192130998329958
77,897.7968000108376,187.5,941.5937000012491,8,1,255,13,322.0909000519896,62.74030001077335,15.013899985206079
78,926.8994000012754,218.75,974.3335000093793,8,1,255,13,330.6558999902336,67.42300000041723,15.089419997530058
79,901.3087000057567,265.625,923.9379000064218,8,1,255,13,298.8573000038741,52.67489999823738,12.663239988614798
80,1197.7194999926724,484.375,1239.1857999900822,8,1,255,13,549.8461999959545,112.5605999986874,12.972239987575445
