source_or_expression,classification,qualification,occurrence_count
DYNAMIC:ABANDONED_CART_COLLECTION,AMBIGUOUS,Unresolved lineage/purpose: no permission inferred from name; dynamic expressions may alias listed sources,1
DYNAMIC:ACCOUNT_COLLECTION,AMBIGUOUS,Unresolved lineage/purpose: no permission inferred from name; dynamic expressions may alias listed sources,1
DYNAMIC:ALERT_COLLECTION,AMBIGUOUS,Unresolved lineage/purpose: no permission inferred from name; dynamic expressions may alias listed sources,5
DYNAMIC:ASSIGNMENTS,AMBIGUOUS,Unresolved lineage/purpose: no permission inferred from name; dynamic expressions may alias listed sources,6
DYNAMIC:ASSIGNMENT_DEFAULTS,AMBIGUOUS,Unresolved lineage/purpose: no permission inferred from name; dynamic expressions may alias listed sources,1
DYNAMIC:AUDIT,AMBIGUOUS,Unresolved lineage/purpose: no permission inferred from name; dynamic expressions may alias listed sources,3
DYNAMIC:BATCHES,AMBIGUOUS,Unresolved lineage/purpose: no permission inferred from name; dynamic expressions may alias listed sources,9
DYNAMIC:BINDINGS,AMBIGUOUS,Unresolved lineage/purpose: no permission inferred from name; dynamic expressions may alias listed sources,9
DYNAMIC:CABINETS,AMBIGUOUS,Unresolved lineage/purpose: no permission inferred from name; dynamic expressions may alias listed sources,6
DYNAMIC:CADENCE_COLLECTION,AMBIGUOUS,Unresolved lineage/purpose: no permission inferred from name; dynamic expressions may alias listed sources,2
DYNAMIC:CAMPAIGN_PRODUCT_LINK_COLLECTION,AMBIGUOUS,Unresolved lineage/purpose: no permission inferred from name; dynamic expressions may alias listed sources,4
DYNAMIC:COMPONENT_CATEGORIES,AMBIGUOUS,Unresolved lineage/purpose: no permission inferred from name; dynamic expressions may alias listed sources,8
DYNAMIC:COMPONENT_GROUPS,AMBIGUOUS,Unresolved lineage/purpose: no permission inferred from name; dynamic expressions may alias listed sources,6
DYNAMIC:COST_PROFILES,AMBIGUOUS,Unresolved lineage/purpose: no permission inferred from name; dynamic expressions may alias listed sources,9
DYNAMIC:COST_SETTINGS_COLLECTION,AMBIGUOUS,Unresolved lineage/purpose: no permission inferred from name; dynamic expressions may alias listed sources,2
DYNAMIC:CUSTOMER_IDENTITY_COLLECTION,AMBIGUOUS,Unresolved lineage/purpose: no permission inferred from name; dynamic expressions may alias listed sources,1
DYNAMIC:DISPATCHES,AMBIGUOUS,Unresolved lineage/purpose: no permission inferred from name; dynamic expressions may alias listed sources,4
DYNAMIC:DISPATCH_EVENTS,AMBIGUOUS,Unresolved lineage/purpose: no permission inferred from name; dynamic expressions may alias listed sources,1
DYNAMIC:DRIVER_COLLECTIONS,AMBIGUOUS,Unresolved lineage/purpose: no permission inferred from name; dynamic expressions may alias listed sources,1
DYNAMIC:DRIVER_EARNINGS,AMBIGUOUS,Unresolved lineage/purpose: no permission inferred from name; dynamic expressions may alias listed sources,1
DYNAMIC:EMPLOYEES,AMBIGUOUS,Unresolved lineage/purpose: no permission inferred from name; dynamic expressions may alias listed sources,1
DYNAMIC:EVENTS,AMBIGUOUS,Unresolved lineage/purpose: no permission inferred from name; dynamic expressions may alias listed sources,12
DYNAMIC:EXECUTION_COLLECTION,AMBIGUOUS,Unresolved lineage/purpose: no permission inferred from name; dynamic expressions may alias listed sources,1
DYNAMIC:FULFILLMENT_DECISIONS,AMBIGUOUS,Unresolved lineage/purpose: no permission inferred from name; dynamic expressions may alias listed sources,2
DYNAMIC:IMPORTS,AMBIGUOUS,Unresolved lineage/purpose: no permission inferred from name; dynamic expressions may alias listed sources,1
DYNAMIC:INVENTORY_RESERVATIONS,AMBIGUOUS,Unresolved lineage/purpose: no permission inferred from name; dynamic expressions may alias listed sources,2
DYNAMIC:LOCATIONS,AMBIGUOUS,Unresolved lineage/purpose: no permission inferred from name; dynamic expressions may alias listed sources,15
DYNAMIC:META_CAMPAIGN_REPORTING_COLLECTION,AMBIGUOUS,Unresolved lineage/purpose: no permission inferred from name; dynamic expressions may alias listed sources,2
DYNAMIC:META_CREDENTIALS_COLLECTION,AMBIGUOUS,Unresolved lineage/purpose: no permission inferred from name; dynamic expressions may alias listed sources,2
DYNAMIC:MEZAN_SUPPLIERS_V2,AMBIGUOUS,Unresolved lineage/purpose: no permission inferred from name; dynamic expressions may alias listed sources,7
DYNAMIC:MEZAN_SUPPLIER_INVOICES_V2,AMBIGUOUS,Unresolved lineage/purpose: no permission inferred from name; dynamic expressions may alias listed sources,1
DYNAMIC:MOBILE_APP_ACCESS,AMBIGUOUS,Unresolved lineage/purpose: no permission inferred from name; dynamic expressions may alias listed sources,5
DYNAMIC:ORDERS,AMBIGUOUS,Unresolved lineage/purpose: no permission inferred from name; dynamic expressions may alias listed sources,4
DYNAMIC:ORDER_TRACKING_INSTRUCTIONS,AMBIGUOUS,Unresolved lineage/purpose: no permission inferred from name; dynamic expressions may alias listed sources,1
DYNAMIC:PIECES,AMBIGUOUS,Unresolved lineage/purpose: no permission inferred from name; dynamic expressions may alias listed sources,34
DYNAMIC:PIECE_EVENTS,AMBIGUOUS,Unresolved lineage/purpose: no permission inferred from name; dynamic expressions may alias listed sources,9
DYNAMIC:PLANS,AMBIGUOUS,Unresolved lineage/purpose: no permission inferred from name; dynamic expressions may alias listed sources,4
DYNAMIC:PREPARATION_UNIT_ALLOCATIONS,AMBIGUOUS,Unresolved lineage/purpose: no permission inferred from name; dynamic expressions may alias listed sources,13
DYNAMIC:PRODUCTS,AMBIGUOUS,Unresolved lineage/purpose: no permission inferred from name; dynamic expressions may alias listed sources,27
DYNAMIC:PRODUCT_OPERATION_PROFILES,AMBIGUOUS,Unresolved lineage/purpose: no permission inferred from name; dynamic expressions may alias listed sources,3
DYNAMIC:PRODUCT_RESOURCE_BINDINGS,AMBIGUOUS,Unresolved lineage/purpose: no permission inferred from name; dynamic expressions may alias listed sources,13
DYNAMIC:PRODUCT_V2_COLLECTION,AMBIGUOUS,Unresolved lineage/purpose: no permission inferred from name; dynamic expressions may alias listed sources,5
DYNAMIC:PRODUCT_WATCH_HISTORY,AMBIGUOUS,Unresolved lineage/purpose: no permission inferred from name; dynamic expressions may alias listed sources,4
DYNAMIC:RECEIPTS,AMBIGUOUS,Unresolved lineage/purpose: no permission inferred from name; dynamic expressions may alias listed sources,3
DYNAMIC:RECOMMENDATION_COLLECTION,AMBIGUOUS,Unresolved lineage/purpose: no permission inferred from name; dynamic expressions may alias listed sources,3
DYNAMIC:REGISTRY,AMBIGUOUS,Unresolved lineage/purpose: no permission inferred from name; dynamic expressions may alias listed sources,14
DYNAMIC:RESOURCES,AMBIGUOUS,Unresolved lineage/purpose: no permission inferred from name; dynamic expressions may alias listed sources,19
DYNAMIC:ROOMS,AMBIGUOUS,Unresolved lineage/purpose: no permission inferred from name; dynamic expressions may alias listed sources,2
DYNAMIC:RUN_COLLECTION,AMBIGUOUS,Unresolved lineage/purpose: no permission inferred from name; dynamic expressions may alias listed sources,3
DYNAMIC:SHIPPING_BATCHES,AMBIGUOUS,Unresolved lineage/purpose: no permission inferred from name; dynamic expressions may alias listed sources,1
DYNAMIC:SNAPCHAT_ACCOUNT_LOCAL_PERFORMANCE_COLLECTION,AMBIGUOUS,Unresolved lineage/purpose: no permission inferred from name; dynamic expressions may alias listed sources,1
DYNAMIC:SNAPCHAT_ENTITY_COLLECTION,AMBIGUOUS,Unresolved lineage/purpose: no permission inferred from name; dynamic expressions may alias listed sources,2
DYNAMIC:SNAPCHAT_PERFORMANCE_COLLECTION,AMBIGUOUS,Unresolved lineage/purpose: no permission inferred from name; dynamic expressions may alias listed sources,1
DYNAMIC:STORE_DELIVERY_INSTRUCTIONS,AMBIGUOUS,Unresolved lineage/purpose: no permission inferred from name; dynamic expressions may alias listed sources,3
DYNAMIC:STORE_DRIVERS,AMBIGUOUS,Unresolved lineage/purpose: no permission inferred from name; dynamic expressions may alias listed sources,7
DYNAMIC:SUPPLIERS,AMBIGUOUS,Unresolved lineage/purpose: no permission inferred from name; dynamic expressions may alias listed sources,2
DYNAMIC:UNITS,AMBIGUOUS,Unresolved lineage/purpose: no permission inferred from name; dynamic expressions may alias listed sources,1
DYNAMIC:WAREHOUSES,AMBIGUOUS,Unresolved lineage/purpose: no permission inferred from name; dynamic expressions may alias listed sources,6
DYNAMIC:WORKFLOWS,AMBIGUOUS,Unresolved lineage/purpose: no permission inferred from name; dynamic expressions may alias listed sources,34
DYNAMIC:_dispatch.PIECES,AMBIGUOUS,Unresolved lineage/purpose: no permission inferred from name; dynamic expressions may alias listed sources,1
DYNAMIC:base.EVENTS,AMBIGUOUS,Unresolved lineage/purpose: no permission inferred from name; dynamic expressions may alias listed sources,3
DYNAMIC:base.PREFERENCES,AMBIGUOUS,Unresolved lineage/purpose: no permission inferred from name; dynamic expressions may alias listed sources,3
DYNAMIC:base.WORKFLOWS,AMBIGUOUS,Unresolved lineage/purpose: no permission inferred from name; dynamic expressions may alias listed sources,4
DYNAMIC:col,AMBIGUOUS,Unresolved lineage/purpose: no permission inferred from name; dynamic expressions may alias listed sources,7
DYNAMIC:col_name,AMBIGUOUS,Unresolved lineage/purpose: no permission inferred from name; dynamic expressions may alias listed sources,1
DYNAMIC:coll,AMBIGUOUS,Unresolved lineage/purpose: no permission inferred from name; dynamic expressions may alias listed sources,3
DYNAMIC:coll_name,AMBIGUOUS,Unresolved lineage/purpose: no permission inferred from name; dynamic expressions may alias listed sources,5
DYNAMIC:collection,AMBIGUOUS,Unresolved lineage/purpose: no permission inferred from name; dynamic expressions may alias listed sources,7
DYNAMIC:collection_name,AMBIGUOUS,Unresolved lineage/purpose: no permission inferred from name; dynamic expressions may alias listed sources,5
DYNAMIC:collections[provider],AMBIGUOUS,Unresolved lineage/purpose: no permission inferred from name; dynamic expressions may alias listed sources,1
DYNAMIC:f'qoyod_migration_{kind}',AMBIGUOUS,Unresolved lineage/purpose: no permission inferred from name; dynamic expressions may alias listed sources,3
DYNAMIC:name,AMBIGUOUS,Unresolved lineage/purpose: no permission inferred from name; dynamic expressions may alias listed sources,4
DYNAMIC:recommendation_collection,AMBIGUOUS,Unresolved lineage/purpose: no permission inferred from name; dynamic expressions may alias listed sources,1
DYNAMIC:source_collection,AMBIGUOUS,Unresolved lineage/purpose: no permission inferred from name; dynamic expressions may alias listed sources,1
DYNAMIC:source_used,AMBIGUOUS,Unresolved lineage/purpose: no permission inferred from name; dynamic expressions may alias listed sources,1
DYNAMIC:src['col'],AMBIGUOUS,Unresolved lineage/purpose: no permission inferred from name; dynamic expressions may alias listed sources,1
DYNAMIC:src['collection'],AMBIGUOUS,Unresolved lineage/purpose: no permission inferred from name; dynamic expressions may alias listed sources,2
DYNAMIC:src_name,AMBIGUOUS,Unresolved lineage/purpose: no permission inferred from name; dynamic expressions may alias listed sources,1
DYNAMIC:state_collection,AMBIGUOUS,Unresolved lineage/purpose: no permission inferred from name; dynamic expressions may alias listed sources,1
account_transactions,AMBIGUOUS,Unresolved lineage/purpose: no permission inferred from name; dynamic expressions may alias listed sources,82
accounting_audit_log,AMBIGUOUS,Unresolved lineage/purpose: no permission inferred from name; dynamic expressions may alias listed sources,9
accounting_audit_log_v2,AMBIGUOUS,Unresolved lineage/purpose: no permission inferred from name; dynamic expressions may alias listed sources,3
accounting_cutoffs,AMBIGUOUS,Unresolved lineage/purpose: no permission inferred from name; dynamic expressions may alias listed sources,5
accounting_general_ledger_v2,AMBIGUOUS,Unresolved lineage/purpose: no permission inferred from name; dynamic expressions may alias listed sources,7
accounting_journal_groups_v2,AMBIGUOUS,Unresolved lineage/purpose: no permission inferred from name; dynamic expressions may alias listed sources,17
accounting_ledger_sequences_v2,AMBIGUOUS,Unresolved lineage/purpose: no permission inferred from name; dynamic expressions may alias listed sources,4
accounting_provider_bank_bindings_v2,AMBIGUOUS,Unresolved lineage/purpose: no permission inferred from name; dynamic expressions may alias listed sources,8
accounting_settlements_v2,AMBIGUOUS,Unresolved lineage/purpose: no permission inferred from name; dynamic expressions may alias listed sources,38
accounting_source_files,AMBIGUOUS,Unresolved lineage/purpose: no permission inferred from name; dynamic expressions may alias listed sources,7
accounts,LEGACY,Operational identity use forbidden; explicit diagnostic/history only,136
ad_account_ledger,LEGACY,Operational identity use forbidden; explicit diagnostic/history only,38
ad_accounts,LEGACY,Operational identity use forbidden; explicit diagnostic/history only,1
ad_spend_idempotency,AMBIGUOUS,Unresolved lineage/purpose: no permission inferred from name; dynamic expressions may alias listed sources,1
ads_accounts,LEGACY,Operational identity use forbidden; explicit diagnostic/history only,7
ads_currency_settings,AMBIGUOUS,Unresolved lineage/purpose: no permission inferred from name; dynamic expressions may alias listed sources,8
ads_daily,AMBIGUOUS,Unresolved lineage/purpose: no permission inferred from name; dynamic expressions may alias listed sources,3
ads_sync_logs,AMBIGUOUS,Unresolved lineage/purpose: no permission inferred from name; dynamic expressions may alias listed sources,5
alert_settings,AMBIGUOUS,Unresolved lineage/purpose: no permission inferred from name; dynamic expressions may alias listed sources,3
analyses,AMBIGUOUS,Unresolved lineage/purpose: no permission inferred from name; dynamic expressions may alias listed sources,15
app_config,AMBIGUOUS,Unresolved lineage/purpose: no permission inferred from name; dynamic expressions may alias listed sources,2
auth_email_otp_challenges,AMBIGUOUS,Unresolved lineage/purpose: no permission inferred from name; dynamic expressions may alias listed sources,1
auth_login_attempts,AMBIGUOUS,Unresolved lineage/purpose: no permission inferred from name; dynamic expressions may alias listed sources,1
auth_login_blocks,AMBIGUOUS,Unresolved lineage/purpose: no permission inferred from name; dynamic expressions may alias listed sources,1
auth_login_progressive_locks,AMBIGUOUS,Unresolved lineage/purpose: no permission inferred from name; dynamic expressions may alias listed sources,1
auth_mfa_challenges,AMBIGUOUS,Unresolved lineage/purpose: no permission inferred from name; dynamic expressions may alias listed sources,1
auth_passkey_challenges,AMBIGUOUS,Unresolved lineage/purpose: no permission inferred from name; dynamic expressions may alias listed sources,1
auth_passkey_credentials,AMBIGUOUS,Unresolved lineage/purpose: no permission inferred from name; dynamic expressions may alias listed sources,1
auth_security_events,AMBIGUOUS,Unresolved lineage/purpose: no permission inferred from name; dynamic expressions may alias listed sources,5
backend_startup_leases_v1,AMBIGUOUS,Unresolved lineage/purpose: no permission inferred from name; dynamic expressions may alias listed sources,3
bank_transfer_reviews,AMBIGUOUS,Unresolved lineage/purpose: no permission inferred from name; dynamic expressions may alias listed sources,19
bnpl_settings,AMBIGUOUS,Unresolved lineage/purpose: no permission inferred from name; dynamic expressions may alias listed sources,16
canary_send_audit_log,AMBIGUOUS,Unresolved lineage/purpose: no permission inferred from name; dynamic expressions may alias listed sources,1
counterparties,LEGACY,Operational identity use forbidden; explicit diagnostic/history only,114
courier_transfers,AMBIGUOUS,Unresolved lineage/purpose: no permission inferred from name; dynamic expressions may alias listed sources,5
cron_runs,AMBIGUOUS,Unresolved lineage/purpose: no permission inferred from name; dynamic expressions may alias listed sources,6
custom_app_customers,AMBIGUOUS,Unresolved lineage/purpose: no permission inferred from name; dynamic expressions may alias listed sources,5
custom_app_products,AMBIGUOUS,Unresolved lineage/purpose: no permission inferred from name; dynamic expressions may alias listed sources,4
daily_costs,AMBIGUOUS,Unresolved lineage/purpose: no permission inferred from name; dynamic expressions may alias listed sources,8
employees,LEGACY,Operational identity use forbidden; explicit diagnostic/history only,18
expected_transfers,AMBIGUOUS,Unresolved lineage/purpose: no permission inferred from name; dynamic expressions may alias listed sources,5
expense_accounts,AMBIGUOUS,Unresolved lineage/purpose: no permission inferred from name; dynamic expressions may alias listed sources,2
expense_categories,AMBIGUOUS,Unresolved lineage/purpose: no permission inferred from name; dynamic expressions may alias listed sources,17
expense_category_tree,AMBIGUOUS,Unresolved lineage/purpose: no permission inferred from name; dynamic expressions may alias listed sources,41
exported_items,AMBIGUOUS,Unresolved lineage/purpose: no permission inferred from name; dynamic expressions may alias listed sources,13
exported_orders,AMBIGUOUS,Unresolved lineage/purpose: no permission inferred from name; dynamic expressions may alias listed sources,3
financial_movements,AMBIGUOUS,Unresolved lineage/purpose: no permission inferred from name; dynamic expressions may alias listed sources,21
financial_provider_tax_invoices_v2,AMBIGUOUS,Unresolved lineage/purpose: no permission inferred from name; dynamic expressions may alias listed sources,7
general_ledger,AMBIGUOUS,Unresolved lineage/purpose: no permission inferred from name; dynamic expressions may alias listed sources,236
import_jobs,AMBIGUOUS,Unresolved lineage/purpose: no permission inferred from name; dynamic expressions may alias listed sources,9
integration_events,AMBIGUOUS,Unresolved lineage/purpose: no permission inferred from name; dynamic expressions may alias listed sources,9
integration_inbox,AMBIGUOUS,Unresolved lineage/purpose: no permission inferred from name; dynamic expressions may alias listed sources,156
integration_inbox_archive,AMBIGUOUS,Unresolved lineage/purpose: no permission inferred from name; dynamic expressions may alias listed sources,2
liabilities,AMBIGUOUS,Unresolved lineage/purpose: no permission inferred from name; dynamic expressions may alias listed sources,107
liability_payments,AMBIGUOUS,Unresolved lineage/purpose: no permission inferred from name; dynamic expressions may alias listed sources,2
meta_ads_daily,AMBIGUOUS,Unresolved lineage/purpose: no permission inferred from name; dynamic expressions may alias listed sources,8
meta_connections,AMBIGUOUS,Unresolved lineage/purpose: no permission inferred from name; dynamic expressions may alias listed sources,12
mezan_ad_account_cost_settings_v2,AMBIGUOUS,Unresolved lineage/purpose: no permission inferred from name; dynamic expressions may alias listed sources,5
mezan_advertising_product_content_history_v1,AMBIGUOUS,Unresolved lineage/purpose: no permission inferred from name; dynamic expressions may alias listed sources,5
mezan_advertising_product_watch_alerts_v1,AMBIGUOUS,Unresolved lineage/purpose: no permission inferred from name; dynamic expressions may alias listed sources,4
mezan_advertising_product_watch_cadence_v1,AMBIGUOUS,Unresolved lineage/purpose: no permission inferred from name; dynamic expressions may alias listed sources,4
mezan_advertising_product_watch_history_v1,AMBIGUOUS,Unresolved lineage/purpose: no permission inferred from name; dynamic expressions may alias listed sources,1
mezan_ai_analysis_jobs,AMBIGUOUS,Unresolved lineage/purpose: no permission inferred from name; dynamic expressions may alias listed sources,3
mezan_attribution_order_ledger_v1,AMBIGUOUS,Unresolved lineage/purpose: no permission inferred from name; dynamic expressions may alias listed sources,4
mezan_campaign_ai_executions_v1,AMBIGUOUS,Unresolved lineage/purpose: no permission inferred from name; dynamic expressions may alias listed sources,9
mezan_campaign_ai_monthly_causal_memory_v1,AMBIGUOUS,Unresolved lineage/purpose: no permission inferred from name; dynamic expressions may alias listed sources,4
mezan_campaign_ai_monthly_profit_goals_v1,AMBIGUOUS,Unresolved lineage/purpose: no permission inferred from name; dynamic expressions may alias listed sources,3
mezan_campaign_ai_recommendations_v1,AMBIGUOUS,Unresolved lineage/purpose: no permission inferred from name; dynamic expressions may alias listed sources,11
mezan_campaign_ai_runs_v1,AMBIGUOUS,Unresolved lineage/purpose: no permission inferred from name; dynamic expressions may alias listed sources,6
mezan_campaign_ai_scheduler_locks_v1,AMBIGUOUS,Unresolved lineage/purpose: no permission inferred from name; dynamic expressions may alias listed sources,4
mezan_campaign_product_links_v2,AMBIGUOUS,Unresolved lineage/purpose: no permission inferred from name; dynamic expressions may alias listed sources,1
mezan_component_categories_v2,MZ2_AUTHORITATIVE,Scope-specific producer/identity evidence in REPORT.md; not a blanket approval of all consumers,3
mezan_component_consumption_plans_v1,AMBIGUOUS,Unresolved lineage/purpose: no permission inferred from name; dynamic expressions may alias listed sources,1
mezan_component_consumption_units_v1,AMBIGUOUS,Unresolved lineage/purpose: no permission inferred from name; dynamic expressions may alias listed sources,6
mezan_component_groups_v2,AMBIGUOUS,Unresolved lineage/purpose: no permission inferred from name; dynamic expressions may alias listed sources,1
mezan_component_order_lifecycle_v1,AMBIGUOUS,Unresolved lineage/purpose: no permission inferred from name; dynamic expressions may alias listed sources,6
mezan_component_prebuilt_claims_v1,AMBIGUOUS,Unresolved lineage/purpose: no permission inferred from name; dynamic expressions may alias listed sources,2
mezan_cost_change_log_v2,AMBIGUOUS,Unresolved lineage/purpose: no permission inferred from name; dynamic expressions may alias listed sources,1
mezan_cost_resources_v2,MZ2_AUTHORITATIVE,Scope-specific producer/identity evidence in REPORT.md; not a blanket approval of all consumers,12
mezan_customer_voice_signals_v1,AMBIGUOUS,Unresolved lineage/purpose: no permission inferred from name; dynamic expressions may alias listed sources,1
mezan_employee_events_v2,AMBIGUOUS,Unresolved lineage/purpose: no permission inferred from name; dynamic expressions may alias listed sources,6
mezan_employee_migration_runs_v2,AMBIGUOUS,Unresolved lineage/purpose: no permission inferred from name; dynamic expressions may alias listed sources,4
mezan_employee_payroll_parallel_runs_v2,AMBIGUOUS,Unresolved lineage/purpose: no permission inferred from name; dynamic expressions may alias listed sources,7
mezan_employee_salary_contracts_v2,MZ2_AUTHORITATIVE,Scope-specific producer/identity evidence in REPORT.md; not a blanket approval of all consumers,12
mezan_employees_v2,MZ2_AUTHORITATIVE,Scope-specific producer/identity evidence in REPORT.md; not a blanket approval of all consumers,29
mezan_first_party_events_v1,AMBIGUOUS,Unresolved lineage/purpose: no permission inferred from name; dynamic expressions may alias listed sources,6
mezan_first_party_links_v1,AMBIGUOUS,Unresolved lineage/purpose: no permission inferred from name; dynamic expressions may alias listed sources,1
mezan_fulfillment_batches_v2,AMBIGUOUS,Unresolved lineage/purpose: no permission inferred from name; dynamic expressions may alias listed sources,6
mezan_fulfillment_events_v2,AMBIGUOUS,Unresolved lineage/purpose: no permission inferred from name; dynamic expressions may alias listed sources,8
mezan_integration_accounts_v2,MZ2_AUTHORITATIVE,Scope-specific producer/identity evidence in REPORT.md; not a blanket approval of all consumers,15
mezan_integration_health_v2,AMBIGUOUS,Unresolved lineage/purpose: no permission inferred from name; dynamic expressions may alias listed sources,1
mezan_integration_sync_runs_v2,AMBIGUOUS,Unresolved lineage/purpose: no permission inferred from name; dynamic expressions may alias listed sources,4
mezan_integrations_v2,AMBIGUOUS,Unresolved lineage/purpose: no permission inferred from name; dynamic expressions may alias listed sources,4
mezan_inventory_receipts_v2,AMBIGUOUS,Unresolved lineage/purpose: no permission inferred from name; dynamic expressions may alias listed sources,6
mezan_inventory_reservations_v2,AMBIGUOUS,Unresolved lineage/purpose: no permission inferred from name; dynamic expressions may alias listed sources,9
mezan_marketing_knowledge_chunks_v1,AMBIGUOUS,Unresolved lineage/purpose: no permission inferred from name; dynamic expressions may alias listed sources,9
mezan_marketing_knowledge_sources_v1,AMBIGUOUS,Unresolved lineage/purpose: no permission inferred from name; dynamic expressions may alias listed sources,4
mezan_meta_assets_v2,AMBIGUOUS,Unresolved lineage/purpose: no permission inferred from name; dynamic expressions may alias listed sources,1
mezan_meta_campaign_performance_daily_v2,AMBIGUOUS,Unresolved lineage/purpose: no permission inferred from name; dynamic expressions may alias listed sources,4
mezan_meta_entity_performance_daily_v1,AMBIGUOUS,Unresolved lineage/purpose: no permission inferred from name; dynamic expressions may alias listed sources,5
mezan_meta_oauth_credentials_v2,AMBIGUOUS,Unresolved lineage/purpose: no permission inferred from name; dynamic expressions may alias listed sources,1
mezan_meta_oauth_states_v2,AMBIGUOUS,Unresolved lineage/purpose: no permission inferred from name; dynamic expressions may alias listed sources,5
mezan_meta_performance_daily_v2,AMBIGUOUS,Unresolved lineage/purpose: no permission inferred from name; dynamic expressions may alias listed sources,3
mezan_mobile_app_access_v1,AMBIGUOUS,Unresolved lineage/purpose: no permission inferred from name; dynamic expressions may alias listed sources,1
mezan_order_attributions_v1,AMBIGUOUS,Unresolved lineage/purpose: no permission inferred from name; dynamic expressions may alias listed sources,2
mezan_order_item_cost_snapshots_v2,AMBIGUOUS,Unresolved lineage/purpose: no permission inferred from name; dynamic expressions may alias listed sources,3
mezan_order_tracking_instructions_v1,AMBIGUOUS,Unresolved lineage/purpose: no permission inferred from name; dynamic expressions may alias listed sources,1
mezan_preparation_batches_v2,AMBIGUOUS,Unresolved lineage/purpose: no permission inferred from name; dynamic expressions may alias listed sources,20
mezan_preparation_file_registry_v2,AMBIGUOUS,Unresolved lineage/purpose: no permission inferred from name; dynamic expressions may alias listed sources,12
mezan_preparation_piece_events_v1,AMBIGUOUS,Unresolved lineage/purpose: no permission inferred from name; dynamic expressions may alias listed sources,5
mezan_preparation_pieces_v1,AMBIGUOUS,Unresolved lineage/purpose: no permission inferred from name; dynamic expressions may alias listed sources,30
mezan_preparation_route_events_v1,AMBIGUOUS,Unresolved lineage/purpose: no permission inferred from name; dynamic expressions may alias listed sources,5
mezan_preparation_unit_allocations_v2,AMBIGUOUS,Unresolved lineage/purpose: no permission inferred from name; dynamic expressions may alias listed sources,1
mezan_product_change_log_v2,AMBIGUOUS,Unresolved lineage/purpose: no permission inferred from name; dynamic expressions may alias listed sources,1
mezan_product_cost_profiles_v2,AMBIGUOUS,Unresolved lineage/purpose: no permission inferred from name; dynamic expressions may alias listed sources,4
mezan_product_cost_revisions_v2,AMBIGUOUS,Unresolved lineage/purpose: no permission inferred from name; dynamic expressions may alias listed sources,2
mezan_product_detail_log_v2,AMBIGUOUS,Unresolved lineage/purpose: no permission inferred from name; dynamic expressions may alias listed sources,1
mezan_product_image_profile_log_v2,AMBIGUOUS,Unresolved lineage/purpose: no permission inferred from name; dynamic expressions may alias listed sources,2
mezan_product_image_profiles_v2,AMBIGUOUS,Unresolved lineage/purpose: no permission inferred from name; dynamic expressions may alias listed sources,3
mezan_product_option_cost_bindings_v2,AMBIGUOUS,Unresolved lineage/purpose: no permission inferred from name; dynamic expressions may alias listed sources,10
mezan_product_resource_bindings_v2,AMBIGUOUS,Unresolved lineage/purpose: no permission inferred from name; dynamic expressions may alias listed sources,1
mezan_product_sync_runs_v2,AMBIGUOUS,Unresolved lineage/purpose: no permission inferred from name; dynamic expressions may alias listed sources,5
mezan_products_v2,MZ2_AUTHORITATIVE,Scope-specific producer/identity evidence in REPORT.md; not a blanket approval of all consumers,17
mezan_role_assignments_v2,AMBIGUOUS,Unresolved lineage/purpose: no permission inferred from name; dynamic expressions may alias listed sources,1
mezan_salla_branch_mappings_v2,AMBIGUOUS,Unresolved lineage/purpose: no permission inferred from name; dynamic expressions may alias listed sources,3
mezan_salla_inventory_sync_runs_v2,AMBIGUOUS,Unresolved lineage/purpose: no permission inferred from name; dynamic expressions may alias listed sources,20
mezan_saudi_product_market_signals_v1,AMBIGUOUS,Unresolved lineage/purpose: no permission inferred from name; dynamic expressions may alias listed sources,2
mezan_saudi_product_radar_daily_v1,AMBIGUOUS,Unresolved lineage/purpose: no permission inferred from name; dynamic expressions may alias listed sources,3
mezan_sequence_counters_v2,AMBIGUOUS,Unresolved lineage/purpose: no permission inferred from name; dynamic expressions may alias listed sources,2
mezan_snapchat_campaign_proposals_v1,AMBIGUOUS,Unresolved lineage/purpose: no permission inferred from name; dynamic expressions may alias listed sources,1
mezan_snapchat_entities_v2,AMBIGUOUS,Unresolved lineage/purpose: no permission inferred from name; dynamic expressions may alias listed sources,1
mezan_snapchat_oauth_credentials_v2,AMBIGUOUS,Unresolved lineage/purpose: no permission inferred from name; dynamic expressions may alias listed sources,1
mezan_snapchat_oauth_states_v2,AMBIGUOUS,Unresolved lineage/purpose: no permission inferred from name; dynamic expressions may alias listed sources,5
mezan_supplier_audit_v2,AMBIGUOUS,Unresolved lineage/purpose: no permission inferred from name; dynamic expressions may alias listed sources,2
mezan_supplier_dispatch_events_v1,AMBIGUOUS,Unresolved lineage/purpose: no permission inferred from name; dynamic expressions may alias listed sources,7
mezan_supplier_dispatch_share_evidence_v1,AMBIGUOUS,Unresolved lineage/purpose: no permission inferred from name; dynamic expressions may alias listed sources,3
mezan_supplier_dispatches_v1,AMBIGUOUS,Unresolved lineage/purpose: no permission inferred from name; dynamic expressions may alias listed sources,12
mezan_supplier_invoice_share_evidence_v1,AMBIGUOUS,Unresolved lineage/purpose: no permission inferred from name; dynamic expressions may alias listed sources,4
mezan_supplier_invoices_v2,AMBIGUOUS,Unresolved lineage/purpose: no permission inferred from name; dynamic expressions may alias listed sources,13
mezan_supplier_receiving_events_v1,AMBIGUOUS,Unresolved lineage/purpose: no permission inferred from name; dynamic expressions may alias listed sources,22
mezan_supplier_receiving_sessions_v1,AMBIGUOUS,Unresolved lineage/purpose: no permission inferred from name; dynamic expressions may alias listed sources,30
mezan_suppliers_v2,MZ2_AUTHORITATIVE,Scope-specific producer/identity evidence in REPORT.md; not a blanket approval of all consumers,9
mezan_tiktok_oauth_credentials_v2,AMBIGUOUS,Unresolved lineage/purpose: no permission inferred from name; dynamic expressions may alias listed sources,1
mezan_tiktok_oauth_states_v2,AMBIGUOUS,Unresolved lineage/purpose: no permission inferred from name; dynamic expressions may alias listed sources,5
mezan_unified_marketing_dashboard_shadow_v1,AMBIGUOUS,Unresolved lineage/purpose: no permission inferred from name; dynamic expressions may alias listed sources,3
migration_cutoffs,AMBIGUOUS,Unresolved lineage/purpose: no permission inferred from name; dynamic expressions may alias listed sources,10
mz2_accounting_periods,AMBIGUOUS,Unresolved lineage/purpose: no permission inferred from name; dynamic expressions may alias listed sources,2
mz2_ad_account_bindings,AMBIGUOUS,Unresolved lineage/purpose: no permission inferred from name; dynamic expressions may alias listed sources,3
mz2_atomic_owners,AMBIGUOUS,Unresolved lineage/purpose: no permission inferred from name; dynamic expressions may alias listed sources,9
mz2_bank_receipts,AMBIGUOUS,Unresolved lineage/purpose: no permission inferred from name; dynamic expressions may alias listed sources,6
mz2_bank_transfer_receipt_audit,AMBIGUOUS,Unresolved lineage/purpose: no permission inferred from name; dynamic expressions may alias listed sources,1
mz2_bank_transfer_receipt_files,AMBIGUOUS,Unresolved lineage/purpose: no permission inferred from name; dynamic expressions may alias listed sources,2
mz2_bank_transfer_receipts,AMBIGUOUS,Unresolved lineage/purpose: no permission inferred from name; dynamic expressions may alias listed sources,9
mz2_customer_advance_payments,AMBIGUOUS,Unresolved lineage/purpose: no permission inferred from name; dynamic expressions may alias listed sources,1
mz2_customer_advances,AMBIGUOUS,Unresolved lineage/purpose: no permission inferred from name; dynamic expressions may alias listed sources,1
mz2_customer_refund_payments,AMBIGUOUS,Unresolved lineage/purpose: no permission inferred from name; dynamic expressions may alias listed sources,3
mz2_customer_refunds,AMBIGUOUS,Unresolved lineage/purpose: no permission inferred from name; dynamic expressions may alias listed sources,2
mz2_daily_movement_audit,AMBIGUOUS,Unresolved lineage/purpose: no permission inferred from name; dynamic expressions may alias listed sources,5
mz2_daily_movement_files,AMBIGUOUS,Unresolved lineage/purpose: no permission inferred from name; dynamic expressions may alias listed sources,2
mz2_daily_movements,AMBIGUOUS,Unresolved lineage/purpose: no permission inferred from name; dynamic expressions may alias listed sources,24
mz2_employee_financial_audit,AMBIGUOUS,Unresolved lineage/purpose: no permission inferred from name; dynamic expressions may alias listed sources,1
mz2_employee_financial_events,AMBIGUOUS,Unresolved lineage/purpose: no permission inferred from name; dynamic expressions may alias listed sources,5
mz2_financial_accounts,MZ2_AUTHORITATIVE,Scope-specific producer/identity evidence in REPORT.md; not a blanket approval of all consumers,17
mz2_ingress_events,AMBIGUOUS,Unresolved lineage/purpose: no permission inferred from name; dynamic expressions may alias listed sources,3
mz2_inventory_cost_states,AMBIGUOUS,Unresolved lineage/purpose: no permission inferred from name; dynamic expressions may alias listed sources,1
mz2_manual_movement_requests,AMBIGUOUS,Unresolved lineage/purpose: no permission inferred from name; dynamic expressions may alias listed sources,6
mz2_onboarding_sessions,MZ2_AUTHORITATIVE,Scope-specific producer/identity evidence in REPORT.md; not a blanket approval of all consumers,2
mz2_opening_balance_audit,AMBIGUOUS,Unresolved lineage/purpose: no permission inferred from name; dynamic expressions may alias listed sources,5
mz2_opening_balance_drafts,AMBIGUOUS,Unresolved lineage/purpose: no permission inferred from name; dynamic expressions may alias listed sources,7
mz2_opening_balance_previews,AMBIGUOUS,Unresolved lineage/purpose: no permission inferred from name; dynamic expressions may alias listed sources,6
mz2_opening_evidence,MZ2_AUTHORITATIVE,Scope-specific producer/identity evidence in REPORT.md; not a blanket approval of all consumers,3
mz2_opening_inventory_initializations,AMBIGUOUS,Unresolved lineage/purpose: no permission inferred from name; dynamic expressions may alias listed sources,1
mz2_order_refund_reviews,AMBIGUOUS,Unresolved lineage/purpose: no permission inferred from name; dynamic expressions may alias listed sources,1
mz2_outgoing_financial_events,AMBIGUOUS,Unresolved lineage/purpose: no permission inferred from name; dynamic expressions may alias listed sources,3
mz2_purchase_receiving_operations,AMBIGUOUS,Unresolved lineage/purpose: no permission inferred from name; dynamic expressions may alias listed sources,3
mz2_purchase_tax_evidence,AMBIGUOUS,Unresolved lineage/purpose: no permission inferred from name; dynamic expressions may alias listed sources,1
mz2_recognition_events,AMBIGUOUS,Unresolved lineage/purpose: no permission inferred from name; dynamic expressions may alias listed sources,10
mz2_sales_tax_policies,AMBIGUOUS,Unresolved lineage/purpose: no permission inferred from name; dynamic expressions may alias listed sources,3
mz2_salla_order_audit,AMBIGUOUS,Unresolved lineage/purpose: no permission inferred from name; dynamic expressions may alias listed sources,1
mz2_salla_order_evidence,MZ2_READ_ONLY,Scope-specific producer/identity evidence in REPORT.md; not a blanket approval of all consumers,18
mz2_salla_order_files,AMBIGUOUS,Unresolved lineage/purpose: no permission inferred from name; dynamic expressions may alias listed sources,2
mz2_salla_order_snapshots,AMBIGUOUS,Unresolved lineage/purpose: no permission inferred from name; dynamic expressions may alias listed sources,2
mz2_shipping_accounting_events,AMBIGUOUS,Unresolved lineage/purpose: no permission inferred from name; dynamic expressions may alias listed sources,6
mz2_shipping_contract_audit,AMBIGUOUS,Unresolved lineage/purpose: no permission inferred from name; dynamic expressions may alias listed sources,2
mz2_shipping_evidence_links,AMBIGUOUS,Unresolved lineage/purpose: no permission inferred from name; dynamic expressions may alias listed sources,1
mz2_shipping_rate_policies,MZ2_READ_ONLY,Scope-specific producer/identity evidence in REPORT.md; not a blanket approval of all consumers,9
mz2_statement_refund_links,AMBIGUOUS,Unresolved lineage/purpose: no permission inferred from name; dynamic expressions may alias listed sources,2
mz2_supplier_payment_operations,AMBIGUOUS,Unresolved lineage/purpose: no permission inferred from name; dynamic expressions may alias listed sources,2
mz2_supplier_payment_revisions,AMBIGUOUS,Unresolved lineage/purpose: no permission inferred from name; dynamic expressions may alias listed sources,1
operating_daily_expenses,AMBIGUOUS,Unresolved lineage/purpose: no permission inferred from name; dynamic expressions may alias listed sources,11
operating_prepaid_expenses,AMBIGUOUS,Unresolved lineage/purpose: no permission inferred from name; dynamic expressions may alias listed sources,11
operating_recurring_invoices_v2,MZ2_READ_ONLY,Scope-specific producer/identity evidence in REPORT.md; not a blanket approval of all consumers,8
operating_recurring_obligations_v2,MZ2_READ_ONLY,Scope-specific producer/identity evidence in REPORT.md; not a blanket approval of all consumers,10
operating_rentals,AMBIGUOUS,Unresolved lineage/purpose: no permission inferred from name; dynamic expressions may alias listed sources,10
operating_salaries,LEGACY,Operational identity use forbidden; explicit diagnostic/history only,48
order_activity_events_v2,AMBIGUOUS,Unresolved lineage/purpose: no permission inferred from name; dynamic expressions may alias listed sources,2
order_adjustments,AMBIGUOUS,Unresolved lineage/purpose: no permission inferred from name; dynamic expressions may alias listed sources,3
order_items,AMBIGUOUS,Unresolved lineage/purpose: no permission inferred from name; dynamic expressions may alias listed sources,3
order_payment_transactions_v2,AMBIGUOUS,Unresolved lineage/purpose: no permission inferred from name; dynamic expressions may alias listed sources,2
order_review_events,AMBIGUOUS,Unresolved lineage/purpose: no permission inferred from name; dynamic expressions may alias listed sources,5
order_review_mezan_images,AMBIGUOUS,Unresolved lineage/purpose: no permission inferred from name; dynamic expressions may alias listed sources,8
order_review_preparation_assignment_defaults,AMBIGUOUS,Unresolved lineage/purpose: no permission inferred from name; dynamic expressions may alias listed sources,3
order_review_spec_replacement_defaults,AMBIGUOUS,Unresolved lineage/purpose: no permission inferred from name; dynamic expressions may alias listed sources,4
order_review_workflows,AMBIGUOUS,Unresolved lineage/purpose: no permission inferred from name; dynamic expressions may alias listed sources,40
order_status_policy,AMBIGUOUS,Unresolved lineage/purpose: no permission inferred from name; dynamic expressions may alias listed sources,4
orders,AMBIGUOUS,Unresolved lineage/purpose: no permission inferred from name; dynamic expressions may alias listed sources,3
orders_db,AMBIGUOUS,Unresolved lineage/purpose: no permission inferred from name; dynamic expressions may alias listed sources,1
payment_adjustments,AMBIGUOUS,Unresolved lineage/purpose: no permission inferred from name; dynamic expressions may alias listed sources,18
payment_refunds,AMBIGUOUS,Unresolved lineage/purpose: no permission inferred from name; dynamic expressions may alias listed sources,21
payment_transactions,AMBIGUOUS,Unresolved lineage/purpose: no permission inferred from name; dynamic expressions may alias listed sources,41
preparation_uploads,AMBIGUOUS,Unresolved lineage/purpose: no permission inferred from name; dynamic expressions may alias listed sources,15
product_costs,AMBIGUOUS,Unresolved lineage/purpose: no permission inferred from name; dynamic expressions may alias listed sources,24
product_image_catalog,AMBIGUOUS,Unresolved lineage/purpose: no permission inferred from name; dynamic expressions may alias listed sources,8
product_option_image_preferences,AMBIGUOUS,Unresolved lineage/purpose: no permission inferred from name; dynamic expressions may alias listed sources,3
products,LEGACY,Operational identity use forbidden; explicit diagnostic/history only,23
provider_invoice_calendar,AMBIGUOUS,Unresolved lineage/purpose: no permission inferred from name; dynamic expressions may alias listed sources,12
purchase_invoices,AMBIGUOUS,Unresolved lineage/purpose: no permission inferred from name; dynamic expressions may alias listed sources,11
qoyod_credentials,AMBIGUOUS,Unresolved lineage/purpose: no permission inferred from name; dynamic expressions may alias listed sources,8
qoyod_customers_mapping,AMBIGUOUS,Unresolved lineage/purpose: no permission inferred from name; dynamic expressions may alias listed sources,13
qoyod_external_customers,AMBIGUOUS,Unresolved lineage/purpose: no permission inferred from name; dynamic expressions may alias listed sources,3
qoyod_external_products,AMBIGUOUS,Unresolved lineage/purpose: no permission inferred from name; dynamic expressions may alias listed sources,3
qoyod_fresh_start_audits,AMBIGUOUS,Unresolved lineage/purpose: no permission inferred from name; dynamic expressions may alias listed sources,3
qoyod_fresh_start_cleanups,AMBIGUOUS,Unresolved lineage/purpose: no permission inferred from name; dynamic expressions may alias listed sources,5
qoyod_invoice_payments,AMBIGUOUS,Unresolved lineage/purpose: no permission inferred from name; dynamic expressions may alias listed sources,8
qoyod_invoices,AMBIGUOUS,Unresolved lineage/purpose: no permission inferred from name; dynamic expressions may alias listed sources,46
qoyod_manual_auto_quarantines,AMBIGUOUS,Unresolved lineage/purpose: no permission inferred from name; dynamic expressions may alias listed sources,6
qoyod_manual_auto_runs,AMBIGUOUS,Unresolved lineage/purpose: no permission inferred from name; dynamic expressions may alias listed sources,5
qoyod_manual_auto_worker_leases,AMBIGUOUS,Unresolved lineage/purpose: no permission inferred from name; dynamic expressions may alias listed sources,3
qoyod_manual_canary_runs,AMBIGUOUS,Unresolved lineage/purpose: no permission inferred from name; dynamic expressions may alias listed sources,6
qoyod_manual_send_locks,AMBIGUOUS,Unresolved lineage/purpose: no permission inferred from name; dynamic expressions may alias listed sources,5
qoyod_migration_customers,AMBIGUOUS,Unresolved lineage/purpose: no permission inferred from name; dynamic expressions may alias listed sources,1
qoyod_migration_products,AMBIGUOUS,Unresolved lineage/purpose: no permission inferred from name; dynamic expressions may alias listed sources,1
qoyod_migration_runs,AMBIGUOUS,Unresolved lineage/purpose: no permission inferred from name; dynamic expressions may alias listed sources,3
qoyod_payloads,AMBIGUOUS,Unresolved lineage/purpose: no permission inferred from name; dynamic expressions may alias listed sources,1
qoyod_per_order_approvals,AMBIGUOUS,Unresolved lineage/purpose: no permission inferred from name; dynamic expressions may alias listed sources,5
qoyod_products_mapping,AMBIGUOUS,Unresolved lineage/purpose: no permission inferred from name; dynamic expressions may alias listed sources,18
qoyod_reference_lists,AMBIGUOUS,Unresolved lineage/purpose: no permission inferred from name; dynamic expressions may alias listed sources,2
qoyod_rounding_warning_audits,AMBIGUOUS,Unresolved lineage/purpose: no permission inferred from name; dynamic expressions may alias listed sources,1
qoyod_settings,AMBIGUOUS,Unresolved lineage/purpose: no permission inferred from name; dynamic expressions may alias listed sources,55
qoyod_unallocated_dismissals,AMBIGUOUS,Unresolved lineage/purpose: no permission inferred from name; dynamic expressions may alias listed sources,4
qoyod_webhook_events,AMBIGUOUS,Unresolved lineage/purpose: no permission inferred from name; dynamic expressions may alias listed sources,10
qoyod_webhook_tokens,AMBIGUOUS,Unresolved lineage/purpose: no permission inferred from name; dynamic expressions may alias listed sources,6
qoyod_write_lock_attempts,AMBIGUOUS,Unresolved lineage/purpose: no permission inferred from name; dynamic expressions may alias listed sources,5
return_cases,AMBIGUOUS,Unresolved lineage/purpose: no permission inferred from name; dynamic expressions may alias listed sources,9
rev32_kill_switch_events,AMBIGUOUS,Unresolved lineage/purpose: no permission inferred from name; dynamic expressions may alias listed sources,1
salla_abandoned_carts_v1,AMBIGUOUS,Unresolved lineage/purpose: no permission inferred from name; dynamic expressions may alias listed sources,1
salla_integrations,AMBIGUOUS,Unresolved lineage/purpose: no permission inferred from name; dynamic expressions may alias listed sources,18
salla_payment_banks,AMBIGUOUS,Unresolved lineage/purpose: no permission inferred from name; dynamic expressions may alias listed sources,2
salla_products,LEGACY,Operational identity use forbidden; explicit diagnostic/history only,6
salla_sync_logs,AMBIGUOUS,Unresolved lineage/purpose: no permission inferred from name; dynamic expressions may alias listed sources,4
salla_webhook_event_captures,AMBIGUOUS,Unresolved lineage/purpose: no permission inferred from name; dynamic expressions may alias listed sources,1
security_bootstrap_claims,AMBIGUOUS,Unresolved lineage/purpose: no permission inferred from name; dynamic expressions may alias listed sources,2
settings,AMBIGUOUS,Unresolved lineage/purpose: no permission inferred from name; dynamic expressions may alias listed sources,60
settlement_alerts,AMBIGUOUS,Unresolved lineage/purpose: no permission inferred from name; dynamic expressions may alias listed sources,15
settlement_cycle_settings,AMBIGUOUS,Unresolved lineage/purpose: no permission inferred from name; dynamic expressions may alias listed sources,3
settlement_entries,AMBIGUOUS,Unresolved lineage/purpose: no permission inferred from name; dynamic expressions may alias listed sources,31
settlement_files,AMBIGUOUS,Unresolved lineage/purpose: no permission inferred from name; dynamic expressions may alias listed sources,26
settlement_invoices,AMBIGUOUS,Unresolved lineage/purpose: no permission inferred from name; dynamic expressions may alias listed sources,9
settlement_periods,AMBIGUOUS,Unresolved lineage/purpose: no permission inferred from name; dynamic expressions may alias listed sources,6
shipping_companies,AMBIGUOUS,Unresolved lineage/purpose: no permission inferred from name; dynamic expressions may alias listed sources,1
shipping_company_ledger,AMBIGUOUS,Unresolved lineage/purpose: no permission inferred from name; dynamic expressions may alias listed sources,1
shipping_payments,AMBIGUOUS,Unresolved lineage/purpose: no permission inferred from name; dynamic expressions may alias listed sources,6
snapchat_ad_accounts,LEGACY,Operational identity use forbidden; explicit diagnostic/history only,2
snapchat_connections,AMBIGUOUS,Unresolved lineage/purpose: no permission inferred from name; dynamic expressions may alias listed sources,1
snapchat_daily_stats,AMBIGUOUS,Unresolved lineage/purpose: no permission inferred from name; dynamic expressions may alias listed sources,3
store_delivery_assignments,AMBIGUOUS,Unresolved lineage/purpose: no permission inferred from name; dynamic expressions may alias listed sources,10
store_delivery_collections,AMBIGUOUS,Unresolved lineage/purpose: no permission inferred from name; dynamic expressions may alias listed sources,9
store_delivery_driver_earnings,AMBIGUOUS,Unresolved lineage/purpose: no permission inferred from name; dynamic expressions may alias listed sources,8
store_delivery_driver_settlements,AMBIGUOUS,Unresolved lineage/purpose: no permission inferred from name; dynamic expressions may alias listed sources,6
store_delivery_events,AMBIGUOUS,Unresolved lineage/purpose: no permission inferred from name; dynamic expressions may alias listed sources,2
store_delivery_handover_sessions,AMBIGUOUS,Unresolved lineage/purpose: no permission inferred from name; dynamic expressions may alias listed sources,10
store_delivery_instruction_events,AMBIGUOUS,Unresolved lineage/purpose: no permission inferred from name; dynamic expressions may alias listed sources,2
store_delivery_instructions,AMBIGUOUS,Unresolved lineage/purpose: no permission inferred from name; dynamic expressions may alias listed sources,9
store_delivery_payment_reviews,AMBIGUOUS,Unresolved lineage/purpose: no permission inferred from name; dynamic expressions may alias listed sources,5
store_delivery_receipts,AMBIGUOUS,Unresolved lineage/purpose: no permission inferred from name; dynamic expressions may alias listed sources,5
store_driver_events,AMBIGUOUS,Unresolved lineage/purpose: no permission inferred from name; dynamic expressions may alias listed sources,3
store_drivers,MZ2_AUTHORITATIVE,Scope-specific producer/identity evidence in REPORT.md; not a blanket approval of all consumers,17
suppliers,LEGACY,Operational identity use forbidden; explicit diagnostic/history only,18
tamara_attribution_log,AMBIGUOUS,Unresolved lineage/purpose: no permission inferred from name; dynamic expressions may alias listed sources,1
tiktok_ads_daily,AMBIGUOUS,Unresolved lineage/purpose: no permission inferred from name; dynamic expressions may alias listed sources,7
transfers,AMBIGUOUS,Unresolved lineage/purpose: no permission inferred from name; dynamic expressions may alias listed sources,7
unclassified_payment_methods,AMBIGUOUS,Unresolved lineage/purpose: no permission inferred from name; dynamic expressions may alias listed sources,3
unified_orders,AMBIGUOUS,Unresolved lineage/purpose: no permission inferred from name; dynamic expressions may alias listed sources,154
user_settings,AMBIGUOUS,Unresolved lineage/purpose: no permission inferred from name; dynamic expressions may alias listed sources,2
users,AMBIGUOUS,Unresolved lineage/purpose: no permission inferred from name; dynamic expressions may alias listed sources,75
warehouse_location_counters,AMBIGUOUS,Unresolved lineage/purpose: no permission inferred from name; dynamic expressions may alias listed sources,1
warehouse_location_events,AMBIGUOUS,Unresolved lineage/purpose: no permission inferred from name; dynamic expressions may alias listed sources,2
warehouse_locations,AMBIGUOUS,Unresolved lineage/purpose: no permission inferred from name; dynamic expressions may alias listed sources,16
warehouse_locations_cabinets,AMBIGUOUS,Unresolved lineage/purpose: no permission inferred from name; dynamic expressions may alias listed sources,9
warehouse_locations_warehouses,AMBIGUOUS,Unresolved lineage/purpose: no permission inferred from name; dynamic expressions may alias listed sources,9
warehouse_rooms,AMBIGUOUS,Unresolved lineage/purpose: no permission inferred from name; dynamic expressions may alias listed sources,4
webhook_orders,AMBIGUOUS,Unresolved lineage/purpose: no permission inferred from name; dynamic expressions may alias listed sources,4
webhook_parse_failures,AMBIGUOUS,Unresolved lineage/purpose: no permission inferred from name; dynamic expressions may alias listed sources,3
webhook_tokens,AMBIGUOUS,Unresolved lineage/purpose: no permission inferred from name; dynamic expressions may alias listed sources,16
