design,topology,kind,concurrency,orders,trials,interactive_samples,errors,timeouts,conflicts,retries,client_cpu_seconds,passed_cells,partial_state_violations,interactive_ms_p50_median,interactive_ms_p95_median,interactive_ms_p99_median,sync_ms_p50_median,sync_ms_p95_median,sync_ms_p99_median,mongo_command_ms_p50_median,mongo_command_ms_p95_median,mongo_command_ms_p99_median,eventloop_admission_ms_p50_median,eventloop_admission_ms_p95_median,eventloop_admission_ms_p99_median,interactive_throughput_rps_median,successful_transition_throughput_rps_median,sync_throughput_rps_median,interactive_p95_min,interactive_p95_max,p95_vs_baseline_ratio,p95_vs_baseline_delta_ms
baseline,different,physical,10,10,3,30,0,0,0,0,0.66552142799992,3,0,195.6784469998638,202.4614689998998,202.4614689998998,33.33960700001626,45.8357589999423,45.8357589999423,2.914,6.566,10.101,0.1629250000405591,0.24410700007138075,0.2533250001306442,49.34761466461199,49.34761466461199,49.34761466461199,173.56966700003795,206.1398999999824,1.0,0.0
baseline,different,physical,50,50,3,150,0,0,0,0,2.8788525499999196,3,0,848.0689030000121,864.7207340000023,866.1413070001345,92.91686500000651,108.89548799991644,110.41981800008216,7.995,20.987,30.66,0.6981389999509702,1.188938999803213,1.225256999987323,57.704887046968125,57.704887046968125,57.704887046968125,684.6027799999774,870.5023349999692,1.0,0.0
baseline,different,physical,100,100,3,300,0,0,0,0,5.75417124300003,3,0,1630.916667000065,1657.9991569999493,1658.2735569999159,168.11020800003007,200.49616599999354,211.8387289999646,8.526,21.548,31.297,1.289883000026748,2.221237999947334,2.2888940000029834,60.247531997807094,60.247531997807094,60.247531997807094,1483.6393700000485,1710.8493639999551,1.0,0.0
baseline,different,virtual,10,10,3,30,0,0,0,0,0.35707471099999566,3,0,107.65208899999834,112.24015000004783,112.24015000004783,32.1336000000656,43.61161899998933,43.61161899998933,2.983,7.624,8.115,0.1620430000457418,0.24965600005089073,0.25922400004674273,88.9697081808766,88.9697081808766,88.9697081808766,93.46872600008282,113.67209399998046,1.0,0.0
baseline,different,virtual,50,50,3,150,0,0,0,0,1.541980772999966,3,0,456.4772859999948,467.47568099999626,468.0332519999979,99.95016299998838,130.8672880000188,155.58702900000299,7.839,22.74,32.356,0.7432340000832482,1.1902820000386782,1.2246960000084073,106.71789603772781,106.71789603772781,106.71789603772781,377.84489599999915,503.91956900000423,1.0,0.0
baseline,different,virtual,100,100,3,300,0,0,0,0,2.9350996949999626,3,0,851.3702430000194,875.4446519999419,876.6693270001724,170.06444000003285,226.35632400010763,227.10794399995393,8.468,24.816,37.895,1.3574249999237509,2.31062199986809,2.3823469998660585,113.8877253644149,113.8877253644149,113.8877253644149,758.7369530000387,903.5021710000137,1.0,0.0
baseline,same,physical,1,1,3,3,0,0,0,0,0.0802597420000084,3,0,41.56231399997523,41.56231399997523,41.56231399997523,14.187619000040286,14.187619000040286,14.187619000040286,0.48,1.87,3.204,0.022391000015886675,0.0518370000008872,0.0518370000008872,24.031491250622857,24.031491250622857,24.031491250622857,38.72282800000448,42.153268999982174,1.0,0.0
baseline,same,physical,10,1,3,30,0,0,1116,1116,1.8956591619999017,3,0,444.85588799989273,576.3952879999579,576.3952879999579,28.783495999959996,49.18667800006915,49.18667800006915,2.26,5.762,8.161,0.16175200005363877,0.2455680000821303,0.25437500005409674,17.342033820146156,1.7342033820146157,17.342033820146156,487.0417150000321,608.0160760000126,1.0,0.0
baseline,same,physical,10,10,3,30,0,0,1767,1767,2.990183710999986,3,0,678.0125980000093,912.4420420000661,912.4420420000661,31.496285999992324,46.12744900009602,46.12744900009602,2.147,5.778,7.497,0.15907800002423755,0.24440699996830517,0.2533939999693757,10.957444541950846,10.957444541950846,10.957444541950846,782.7999029999546,964.7203260000197,1.0,0.0
baseline,same,physical,50,1,3,150,0,0,25544,25544,38.22422562699994,3,0,8585.641131999979,11389.732822000042,11419.650071000091,153.69641800000977,173.83766199998263,181.0425130000226,7.114,19.778,37.549,0.7312939999906121,1.1711150000053294,1.2040969999986828,4.3781110714437546,0.08756222142887508,4.3781110714437546,9841.176580000025,11634.90957900001,1.0,0.0
baseline,same,physical,50,50,3,150,0,0,44961,44961,70.1940760240002,3,0,14813.805842999955,19579.687889999946,19634.94872000001,136.82076800000686,161.7130479999105,165.6749869999885,5.789,14.75,26.325,0.6746909999719719,1.127167000049667,1.1609299999690847,2.5464298291902954,2.5464298291902954,2.5464298291902954,17865.81510399992,23725.110163000012,1.0,0.0
baseline,same,physical,100,1,3,300,0,0,99838,99838,148.72819744499998,3,0,31878.82523799999,42569.20845900004,42684.777724000014,222.41621700004544,254.15521200000057,256.2083049999728,5.683,17.921,65.878,1.3732440002058866,2.3086380001586804,2.3761240001931583,2.3420297771160308,0.02342029777116031,2.3420297771160308,38903.38709399998,47922.96211600001,1.0,0.0
baseline,same,physical,100,100,3,300,49,39,190161,190114,296.57926044299984,1,0,71334.16303800004,90015.64816099995,90016.00572099983,169.97964099994078,199.76394200000414,203.25334500000736,5.815,15.594,34.109,1.3051290000021254,2.2521509999933187,2.306570999962787,0.8776076102569729,0.8776076102569729,1.1108957091860416,80765.56152299997,90023.66322299997,1.0,0.0
baseline,same,virtual,1,1,3,3,0,0,0,0,0.056628678000038235,3,0,24.94235300002856,24.94235300002856,24.94235300002856,13.954721999994035,13.954721999994035,13.954721999994035,0.596,2.045,2.045,0.02174999997350824,0.051375999987612886,0.051375999987612886,40.01217010163248,40.01217010163248,40.01217010163248,22.331372000053307,25.27729099995213,1.0,0.0
baseline,same,virtual,10,1,3,30,0,0,536,536,1.0098374649999613,3,0,244.48822200008635,309.35774500005664,309.35774500005664,34.791260000019975,46.38670399998546,46.38670399998546,2.214,6.092,7.689,0.16846599999098544,0.2558400000225447,0.26573800005280646,32.310926338138685,3.231092633813869,32.310926338138685,260.1073399999905,325.3816870000037,1.0,0.0
baseline,same,virtual,10,10,3,30,0,0,676,676,1.2592179140000894,3,0,296.378126000036,389.34713399999055,389.34713399999055,34.0101920000393,42.61907899996231,42.61907899996231,2.255,5.848,8.362,0.18768099999988408,0.28100499997663064,0.2908029999844075,25.668808769826455,25.668808769826455,25.668808769826455,332.7423569999155,403.88291499999696,1.0,0.0
baseline,same,virtual,50,1,3,150,0,0,13571,13571,19.174165363000043,3,0,4252.641450000056,5690.9485080000195,5707.805305999955,97.68843500000912,118.45025999991776,123.40338699993936,6.935,19.154,52.959,0.6859860000076878,1.1459690000492628,1.1790799999289447,8.758891886682063,0.17517783773364126,8.758891886682063,4703.305388999979,5975.7818189999625,1.0,0.0
baseline,same,virtual,50,50,3,150,0,0,17321,17321,26.352028576000066,3,0,5930.996006999976,7753.1370639999295,7776.645572999996,132.04981999979282,159.83689999984563,173.47401200004242,5.419,15.23,28.007,0.6494330000350601,1.1190000000169675,1.1954020000075616,6.42893408005902,6.42893408005902,6.42893408005902,6793.70249800013,8211.984927999993,1.0,0.0
baseline,same,virtual,100,1,3,300,0,0,50195,50195,77.40516055999997,3,0,18110.907230999943,23574.76691699992,23636.27076599994,180.47678099998166,241.18758299999854,241.92164999999477,5.617,17.296,61.094,1.4142009999886795,2.9264870000247356,2.9977710000252955,4.229237279224651,0.042292372792246506,4.229237279224651,19385.036162000004,24611.380518000034,1.0,0.0
baseline,same,virtual,100,100,3,300,0,0,69303,69303,109.91937317800003,3,0,24681.177877999973,32883.52347,32976.89890799984,175.25064500000553,197.29264199997942,197.57735299992873,5.434,13.994,31.344,1.2898190000214527,2.196057999981349,2.2630039998148277,3.0318093828655654,3.0318093828655654,3.0318093828655654,29876.341709,33855.580938,1.0,0.0
canonical,different,physical,10,10,3,30,0,0,8,8,0.7209228089999855,3,0,209.4265109999469,213.42053600005784,213.42053600005784,31.418894000012187,42.772729000034815,42.772729000034815,2.715,6.833,7.912,0.16340499996658764,0.25906500002292887,0.2685630000200945,46.81404182691003,46.81404182691003,46.81404182691003,175.76195399999506,237.5982410000006,1.054129148890861,10.95906700015803
canonical,different,physical,50,50,3,150,0,0,0,0,3.0965344959999754,3,0,889.9244600000031,909.7152510000228,911.330802000009,94.95827699998927,122.35920399999145,122.47372799998857,8.102,21.149,30.219,0.6996850000007271,1.2182019999897875,1.2793889999329622,54.84503297357451,54.84503297357451,54.84503297357451,732.6279079999267,988.1988500000034,1.0520335817459656,44.99451700002055
canonical,different,physical,100,100,3,300,0,0,0,0,5.921334208999951,3,0,1724.179821000007,1751.3177890000406,1752.3520809999127,171.81122099998447,197.31887000011739,197.48357899993607,8.458,23.178,36.553,1.3307859999258653,2.2903279999582082,2.362112000014349,57.039723163087615,57.039723163087615,57.039723163087615,1466.7972460000556,1770.2833480000209,1.0562838838645405,93.31863200009138
canonical,different,virtual,10,10,3,30,0,0,10,10,0.3996684750000563,3,0,115.0653660001808,122.59035600004609,122.59035600004609,32.63534600000639,44.86166200013031,44.86166200013031,3.112,6.842,8.333,0.15571200015074282,0.24024100002861815,0.2494479999768373,81.45140075517428,81.45140075517428,81.45140075517428,104.41389799999001,127.28106400001593,1.0922148268689398,10.350205999998252
canonical,different,virtual,50,50,3,150,0,0,2,2,1.5935938129998704,3,0,464.4183890000022,474.7255449999557,476.00274100000206,102.23865500006468,112.09936699992795,122.58522000001904,7.773,21.021,29.45,0.6860219999680339,1.1628720000089743,1.2425809999285775,104.91245807594888,104.91245807594888,104.91245807594888,389.7893609999983,511.2923440000259,1.0155085372236925,7.249863999959416
canonical,different,virtual,100,100,3,300,0,0,1,1,3.231988137999963,3,0,928.4905549999394,954.2120029999523,955.205939999928,168.66376199993738,228.8963620000004,252.33780500002467,8.801,25.087,54.508,1.5432709999458893,2.531632999989597,2.60493999985556,104.4752770582057,104.4752770582057,104.4752770582057,866.9723249998924,986.1816289999297,1.089974107238039,78.76735100001042
canonical,same,physical,1,1,3,3,0,0,3,3,0.08995997200003103,3,0,47.39264900001672,47.39264900001672,47.39264900001672,14.014122999981282,14.014122999981282,14.014122999981282,0.48,1.967,3.192,0.022661999992124038,0.0533899999481946,0.0533899999481946,21.061836266497977,21.061836266497977,21.061836266497977,46.26013500001136,47.996758000010686,1.140279364619712,5.830335000041487
canonical,same,physical,10,1,3,30,0,0,1196,1196,2.057125891000055,3,0,478.2459909999943,611.2242709999691,611.2242709999691,31.069619999925635,44.630593000022145,44.630593000022145,2.306,6.169,7.997,0.15921800002161035,0.24643000006108196,0.25487499999599095,16.355256183132287,1.6355256183132285,16.355256183132287,551.6003150000302,648.6253860000488,1.0604255165250653,34.82898300001125
canonical,same,physical,10,10,3,30,0,0,1832,1832,3.2051683689999777,3,0,714.506631000063,967.6422630000161,967.6422630000161,34.363213000006,45.022474000006696,45.022474000006696,2.174,5.504,7.045,0.17612900001040543,0.2792719999433757,0.29184499999246327,10.331976445887518,10.331976445887518,10.331976445887518,851.484494000033,1016.5876080000089,1.0604972353958522,55.200220999950034
canonical,same,physical,50,1,3,150,0,0,27679,27679,40.89620302899999,3,0,9177.312948999997,12089.830292999977,12120.548615000018,96.33232699999894,125.23693200000707,148.8459569999918,6.986,19.56,47.285,0.6607230000099662,1.1741419999964364,1.2173430000075314,4.12497881266508,0.08249957625330159,4.12497881266508,10685.837875999994,12432.906241000012,1.0614674182389643,700.0974709999355
canonical,same,physical,50,50,3,150,0,0,45479,45479,71.16278681600005,3,0,16418.20638099989,21460.092067000005,21516.870903999916,103.21403800003282,118.8706650000313,143.9392570000564,5.429,11.927,23.224,0.7024020000017117,1.1660559999882025,1.1992789999908382,2.3237048024771934,2.3237048024771934,2.3237048024771934,18466.146803000127,21880.939145999946,1.0960385164239748,1880.4041770000586
canonical,same,physical,100,1,3,300,0,0,104677,104677,171.16908371899999,3,0,40360.83480100001,52103.80497099999,52237.05705400005,212.36562399997183,242.73350400000027,243.1655210000372,5.565,13.978,30.777,1.370831000031103,2.314204000015252,2.388853000013569,1.9138536486205873,0.019138536486205872,1.9138536486205873,45055.47836599999,53473.726832000015,1.2239787127163304,9534.596511999953
canonical,same,physical,100,100,3,300,65,52,195700,195637,297.21404840699995,1,0,74396.51912599993,90021.51711499994,90022.09001400002,170.0661710000304,197.43941500007622,212.93607799998426,6.018,17.562,72.023,1.4775180000015098,2.3435939999671973,2.407823999988068,0.788682153852972,0.788682153852972,1.110819935004186,83657.25858000008,90024.54371299996,1.0000651992639045,5.868953999990481
canonical,same,virtual,1,1,3,3,0,0,3,3,0.06516831300001513,3,0,30.030062000037105,30.030062000037105,30.030062000037105,14.090568999961306,14.090568999961306,14.090568999961306,0.544,1.864,1.864,0.02227199996696072,0.05198700000619283,0.05198700000619283,33.24766407729902,33.24766407729902,33.24766407729902,27.20996700008982,30.927129000019704,1.2039787104289126,5.0877090000085445
canonical,same,virtual,10,1,3,30,0,0,642,642,1.1748029020000104,3,0,288.3311019999155,370.92173100006676,370.92173100006676,32.52962299995943,38.07513999993262,38.07513999993262,2.229,5.749,7.293,0.16150300007211627,0.24776500004008994,0.25727199999892036,26.953087714193916,2.6953087714193913,26.953087714193916,296.5599260000431,376.4793620000546,1.1990058015195284,61.56398600001012
canonical,same,virtual,10,10,3,30,0,0,792,792,1.4674348019999854,3,0,354.48692299996765,461.77408200003356,461.77408200003356,31.571845000030407,40.77664599998343,40.77664599998343,2.15,5.346,8.36,0.1628239999718062,0.24999599997954647,0.26053599998476784,21.64954349426102,21.64954349426102,21.64954349426102,374.53899799999135,467.3640780000028,1.186021525973387,72.42694800004301
canonical,same,virtual,50,1,3,150,0,0,15530,15530,21.949565459999945,3,0,4819.261981000068,6326.475111000036,6345.323929000074,99.55697899999905,112.57694000005358,133.61384799998177,7.039,19.557,38.234,1.2737179999930959,1.738605000014104,1.7739920000394704,7.879112092980946,0.15758224185961892,7.879112092980946,5654.0337280000585,7489.709801000004,1.1116732302368628,635.5266030000166
canonical,same,virtual,50,50,3,150,0,0,20763,20763,29.20015260699995,3,0,6357.874963999961,8572.502951000046,8599.386369999935,94.03719099998398,105.89823200007231,120.05139600000803,6.825,19.102,34.129,0.6745489999957499,1.1819369999557239,1.2155599999914557,5.814046588159315,5.814046588159315,5.814046588159315,7248.118128999977,9057.983164000007,1.105681852421347,819.3658870001163
canonical,same,virtual,100,1,3,300,0,0,59045,59045,88.39954791599996,3,0,18672.75519499992,24797.496906999982,24869.932465000034,214.60000000001855,251.540248000083,263.5937620000277,6.911,19.128,72.641,1.3545890000159488,2.2147139999333376,2.2951040000407374,4.019535393325005,0.04019535393325005,4.019535393325005,21644.502569999986,29960.950154000046,1.0518660478937054,1222.7299900000617
canonical,same,virtual,100,100,3,300,0,0,77556,77556,119.12335871600021,3,0,26255.382451999936,35182.39311499997,35268.535165,171.64346300000943,202.71933399999398,203.9285829999926,5.431,16.387,73.305,1.3245220000044355,2.5136509998446854,2.585394999869095,2.834495472286639,2.834495472286639,2.834495472286639,32248.85071100016,36840.892548000054,1.0699094684028387,2298.8696449999698
owner,different,physical,10,10,3,30,0,0,305,305,1.1820833389999166,3,0,319.67750199999045,333.68207099999836,333.68207099999836,326.1413200000334,336.3525169999093,336.3525169999093,4.562,11.381,16.264,0.17494299999043506,0.25958699995953793,0.2694549999660012,29.704574932284743,29.704574932284743,29.704574932284743,297.0706930000233,402.98866000000544,1.6481262960714935,131.22060200009855
owner,different,physical,50,50,3,150,0,0,1972,1972,5.925877148000097,3,0,1626.8922830000747,1690.9329589999516,1713.6572629999591,1709.847716000013,1721.495275000052,1721.599101000038,9.388,23.267,33.337,0.6930440000587623,1.2085380000144141,1.2439839999842661,29.022824053252485,29.022824053252485,29.022824053252485,1539.7778200000403,1710.2559439999823,1.955467115004955,826.2122249999493
owner,different,physical,100,100,3,300,0,0,3976,3976,12.700573389000027,3,0,3365.5392529999517,3415.7240849999653,3420.8233870000413,3570.573876000026,3595.8772689999705,3596.460461999982,9.199,23.649,45.098,1.3167580000299495,2.2324689999777547,2.2982720000754853,27.78785157638879,27.78785157638879,27.78785157638879,3335.9945930000094,3758.0076070000246,2.060148263995812,1757.724928000016
owner,different,virtual,10,10,3,30,0,0,137,137,0.6489203769999108,3,0,175.34515399995598,180.88757700002134,180.88757700002134,185.6481799999301,186.97050900004797,186.97050900004797,5.054,13.128,16.545,0.17356399996515393,0.26424299994687317,0.2749129999983779,53.41481899289211,53.41481899289211,53.41481899289211,156.4073049999024,237.64589299992167,1.611612039006935,68.6474269999735
owner,different,virtual,50,50,3,150,0,0,749,749,2.9113999550000074,3,0,754.0302559999645,842.1105570000122,845.698882000022,831.9526029999906,847.2487039999805,848.0173110000351,9.505,24.779,49.782,0.6962889999613253,1.1876070000198524,1.2244160000136617,58.90417553428321,58.90417553428321,58.90417553428321,706.6367189999596,884.8634039999297,1.801399711742479,374.634876000016
owner,different,virtual,100,100,3,300,0,0,1548,1548,5.531923634999998,3,0,1470.754037000006,1529.6596669999758,1533.320386000014,1642.6072739999995,1667.790034999996,1668.2545869999785,9.142,23.994,43.915,1.4355120000004717,2.374381999970865,2.4454950000176723,59.85355218397674,59.85355218397674,59.85355218397674,1289.84944299998,1565.6836409999642,1.7472945474114077,654.2150150000339
owner,same,physical,1,1,3,3,0,0,44,44,0.1404508309999528,3,0,50.19926199997826,50.19926199997826,50.19926199997826,52.82978299999286,52.82978299999286,52.82978299999286,0.693,1.627,3.751,0.02193099999203696,0.050839999971685756,0.050839999971685756,18.903042457906725,18.903042457906725,18.903042457906725,44.67715099997349,51.85499300000629,1.2078071976456406,8.63694800000303
owner,same,physical,10,1,3,30,0,0,2620,2620,4.088715904999958,3,0,991.5285639999638,1260.9512860000223,1260.9512860000223,668.6697049999566,1263.1936199999245,1263.1936199999245,3.723,10.849,15.94,0.17275200002586644,0.25726000001213833,0.2663970000185145,7.914843890650404,0.7914843890650404,7.914843890650404,906.1521060000359,1346.0007940000196,2.187650232838327,684.5559980000644
owner,same,physical,10,10,3,30,0,0,4296,4296,6.557245863999924,3,0,1396.437837999997,1879.7657740000204,1879.7657740000204,1455.516247000105,1782.6349000000619,1782.6349000000619,4.109,10.851,15.497,0.15727300001344702,0.2471909999712807,0.25635800000145537,5.319413248760051,5.319413248760051,5.319413248760051,1451.2830529999974,2333.546363000096,2.060148138154165,967.3237319999544
owner,same,physical,50,1,3,150,0,0,59593,59593,91.72894899200008,3,0,20847.952826999972,27912.72675600001,27945.258787,22892.097856999982,27485.826307999985,27915.821894000004,5.606,15.451,33.426,0.7002019999617914,1.1413690001518262,1.1883570000463806,1.7891681378051583,0.035783362756103165,1.7891681378051583,23470.679100999972,28942.214295999976,2.4506919690060407,16522.99393399997
owner,same,physical,50,50,3,150,0,0,95618,95618,147.8962372329999,3,0,31125.575313000012,41112.95411900005,41171.99668999979,29383.18588100003,41046.91942299996,41114.43174399983,5.678,16.857,63.618,0.704471000005924,1.181916000007277,1.2657130000093275,1.2143922411339558,1.2143922411339558,1.2143922411339558,40498.15832499996,48674.342663,2.0997757650671196,21533.266229000106
owner,same,physical,100,1,3,300,233,205,194857,194628,304.274275192,0,0,83869.07898899994,90040.89301800002,90043.64927699999,76254.08139,90045.099881,90046.31822700003,5.761,17.369,77.098,1.3655980000066847,2.494157000000996,2.583313999934944,0.6218565105296013,0.011105174905262645,0.6441001445052335,90015.703129,90043.81631900003,2.115164840443808,47471.68455899998
owner,same,physical,100,100,3,300,445,426,190133,189691,304.48593834,0,0,90034.26116599997,90060.19859500004,90065.40242599999,90066.21004700003,90085.327248,90086.04671199998,5.575,11.627,26.265,1.3830719999532448,2.3446629999739343,2.4114779999990787,0.2553043960802433,0.2553043960802433,0.29971991273728316,90057.71348100007,90139.25513500004,1.000494918771461,44.55043400009163
owner,same,virtual,1,1,3,3,0,0,16,16,0.08481031299999131,3,0,28.829173000019637,28.829173000019637,28.829173000019637,30.822161000003234,30.822161000003234,30.822161000003234,0.779,1.775,2.009,0.02318200000672732,0.0556690000053095,0.0556690000053095,32.35485877281805,32.35485877281805,32.35485877281805,26.06950399999164,29.42450499995175,1.1558321301918317,3.8868199999910757
owner,same,virtual,10,1,3,30,0,0,1330,1330,2.151403017999968,3,0,532.9098330000193,663.6069130000237,663.6069130000237,439.6911929999874,656.3100850000296,656.3100850000296,3.585,10.729,14.93,0.16834399997378569,0.25442499998007406,0.26381199995739735,15.065116820677394,1.5065116820677396,15.065116820677394,553.9778849999948,668.4415080000008,2.1451116829155263,354.2491679999671
owner,same,virtual,10,10,3,30,0,0,1677,1677,2.829067894000062,3,0,655.5868310000506,855.8780009999509,855.8780009999509,576.9053589999658,846.307253999953,846.307253999953,3.723,10.627,23.901,0.15628200003448,0.2397680000285618,0.2491259999715112,11.682170250037823,11.682170250037823,11.682170250037823,754.0380099999879,903.511965000007,2.198238862598053,466.5308669999604
owner,same,virtual,50,1,3,150,0,0,31905,31905,50.07319314200004,3,0,11506.42821300005,14990.094795000005,15049.740250000013,10373.788749000028,15032.6300669999,15040.08158900001,5.493,17.521,55.759,0.7031299999198382,1.1530339999126227,1.2117329999909998,3.322199499310092,0.06644398998620184,3.322199499310092,13844.082544000003,15143.42388099999,2.6340239722653895,9299.146286999985
owner,same,virtual,50,50,3,150,0,0,43517,43517,65.16714394500002,3,0,14320.66726700009,20133.51436900007,20193.0239830001,15622.42900800004,20147.10577799997,20197.86976199998,6.414,18.534,72.624,0.7368010001300718,1.252578000048743,1.2859810001373262,2.4753433683321147,2.4753433683321147,2.4753433683321147,15164.63445699992,21037.42465099998,2.596821673962896,12380.37730500014
owner,same,virtual,100,1,3,300,0,0,131504,131504,207.54695922599996,3,0,47238.59672100002,63196.32318599997,63293.686267,46459.00602100005,62580.43999300003,63233.701548,5.813,16.305,32.947,1.8059880000009798,2.689434999979312,2.775958000029277,1.5797025522932653,0.01579702552293265,1.5797025522932653,53347.815562999924,65160.346812,2.6806764795807454,39621.55626900005
owner,same,virtual,100,100,3,300,0,0,172959,172959,270.3347797189999,3,0,61570.33479400002,78949.21883599988,79038.57923299995,59563.475913000046,78098.25337000006,78735.79798799995,5.645,14.84,29.069,1.3266480000311276,2.2650480000265816,2.3335160000215183,1.2650177633743713,1.2650177633743713,1.2650177633743713,73745.97827800005,85215.9252439999,2.4008746784092687,46065.69536599988
