design,topology,kind,concurrency,orders,trials,passed_cells,failed_cells,errors,timeouts,conflicts,retries,client_cpu_seconds,partial_state_violations,interactive_errors,interactive_timeouts,sync_errors,sync_timeouts,conflicts_owner,conflicts_canonical,conflicts_stock,conflicts_other_or_unknown,observed_retry_triggers_owner,observed_retry_triggers_canonical,observed_retry_triggers_stock,observed_retry_triggers_other_or_unknown,observed_retry_triggers_unattributed,retry_trigger_attribution_available_trials,latency_contains_deadline_censored_requests,interactive_ms_p50_median,interactive_ms_p95_median,interactive_ms_p99_median,sync_ms_p50_median,sync_ms_p95_median,sync_ms_p99_median,mongo_command_ms_p50_median,mongo_command_ms_p95_median,mongo_command_ms_p99_median,eventloop_admission_ms_p50_median,eventloop_admission_ms_p95_median,eventloop_admission_ms_p99_median,interactive_mongo_roundtrips_p50_median,interactive_mongo_roundtrips_p95_median,interactive_mongo_roundtrips_p99_median,sync_mongo_roundtrips_p50_median,sync_mongo_roundtrips_p95_median,sync_mongo_roundtrips_p99_median,transaction_observed_ms_p50_median,transaction_observed_ms_p95_median,transaction_observed_ms_p99_median,interactive_throughput_rps_median,sync_throughput_rps_median,successful_transition_throughput_rps_median,combined_throughput_rps_median,interior_client_cpu_seconds_sum,interior_client_cpu_seconds_available_trials,interior_client_read_bytes_sum,interior_client_read_bytes_available_trials,interior_client_write_bytes_sum,interior_client_write_bytes_available_trials,interior_mongo_cpu_seconds_sum,interior_mongo_cpu_seconds_available_trials,interior_mongo_read_bytes_sum,interior_mongo_read_bytes_available_trials,interior_mongo_write_bytes_sum,interior_mongo_write_bytes_available_trials
baseline,different,physical,10,10,3,3,0,0,0,0,0,0.6575636290000375,0,0,0,0,0,0,0,0,0,,,,,,0,False,208.11395300006552,214.5865950000143,214.5865950000143,30.85155400003714,41.95326399997157,41.95326399997157,2.786,7.347,10.392,0.16778399992745108,0.260175999983403,0.2697839998972995,28,28,28,1,1,1,166.9133340000144,179.81893500007118,179.81893500007118,46.57443081912518,46.57443081912518,46.57443081912518,93.14886163825037,,0,,0,,0,,0,,0,,0
baseline,different,physical,50,50,3,3,0,0,0,0,0,2.8209299789999704,0,0,0,0,0,0,0,0,0,,,,,,0,False,877.5770419999844,892.6198029998886,894.9427410000226,96.17141500007165,119.2689719999862,124.2396989999861,7.717,21.547,28.503,0.7213409999167197,1.1933979999412259,1.2757209999563202,28,28,28,1,1,1,744.1642989999764,768.058683999925,781.5633499999421,55.8392298871347,55.8392298871347,55.8392298871347,111.6784597742694,,2,,2,,2,,2,,0,,0
baseline,different,physical,100,100,3,3,0,0,0,0,0,5.655377813000001,0,0,0,0,0,0,0,0,0,,,,,,0,False,1737.8046260000133,1769.9165380000181,1770.3960840000263,177.68702299997585,203.07348200003617,203.3576140000264,8.878,23.622,34.756,1.433451000025343,2.4116430000162836,2.519684000048983,28,28,28,1,1,1,1501.0497110000074,1537.0782510000254,1547.5454319999926,56.41112895156294,56.41112895156294,56.41112895156294,112.82225790312587,3.650000000000034,3,0,3,0,3,1.7599999999999767,3,,0,,0
baseline,different,virtual,10,10,3,3,0,0,0,0,0,0.35123871900000836,0,0,0,0,0,0,0,0,0,,,,,,0,False,112.39566099999365,115.54082100002461,115.54082100002461,33.57251699998187,40.0857469999778,40.0857469999778,2.91,7.527,10.118,0.16864500003066496,0.2574910000134878,0.26777000005040463,12,12,12,1,1,1,72.15770700003077,82.79783899996573,82.79783899996573,86.42625607533908,86.42625607533908,86.42625607533908,172.85251215067817,,0,,0,,0,,0,,0,,0
baseline,different,virtual,50,50,3,3,0,0,0,0,0,1.5500560280000286,0,0,0,0,0,0,0,0,0,,,,,,0,False,484.2820549999942,495.5396789999895,496.13070700002027,103.65577400000348,128.21519199997056,128.9063170000304,8.873,23.052,38.719,0.7201369999734197,1.1997429999723863,1.232804999972359,12,12,12,1,1,1,320.51112900001044,349.7390740000128,354.44676500003425,100.60968928414376,100.60968928414376,100.60968928414376,201.2193785682875,,0,,0,,0,,0,,0,,0
baseline,different,virtual,100,100,3,3,0,0,0,0,0,2.8187217470000014,0,0,0,0,0,0,0,0,0,,,,,,0,False,875.3412430000083,903.0449839999903,903.8736560000018,176.76487500000349,205.3966349999996,206.68336600002135,9.067,26.338,39.02,1.3738009999997303,2.3095860000239554,2.3810900000000856,12,12,12,1,1,1,635.5628409999952,665.4706229999761,679.2950149999797,110.36513550183238,110.36513550183238,110.36513550183238,220.73027100366477,,1,,1,,1,,1,,0,,0
baseline,same,physical,1,1,3,3,0,0,0,0,0,0.07162281600005826,0,0,0,0,0,0,0,0,0,,,,,,0,False,42.44233500003247,42.44233500003247,42.44233500003247,14.033842999992885,14.033842999992885,14.033842999992885,0.492,1.803,3.244,0.02889300003516837,0.05314999998518033,0.05314999998518033,28,28,28,1,1,1,29.63998799998535,29.63998799998535,29.63998799998535,23.526177330451056,23.526177330451056,23.526177330451056,47.05235466090211,,0,,0,,0,,0,,0,,0
baseline,same,physical,10,1,3,3,0,0,0,1153,1153,1.9951761870000269,0,0,0,0,0,1153,0,0,0,,,,,,0,False,471.81612000002815,610.3849809999815,610.3849809999815,39.50515799999721,39.56046100000776,39.56046100000776,2.276,5.896,7.505,0.1644360000341294,0.24985499999274907,0.2592230000004747,92,156,156,1,1,1,7.561387000009745,14.559503000043605,63.607541000010315,16.378046668399975,16.378046668399975,1.6378046668399975,32.75609333679995,,0,,0,,0,,0,,0,,0
baseline,same,physical,10,10,3,3,0,0,0,1749,1749,2.9178580450000005,0,0,0,0,0,1749,0,0,0,,,,,,0,False,736.5448990000232,979.1119909999964,979.1119909999964,36.5477599999906,43.35712899998612,43.35712899998612,2.132,5.717,8.135,0.1700360000143064,0.255774999999403,0.2645019999931719,136,256,256,1,1,1,7.117741999991267,13.629613999995627,67.9303139999945,10.21177212866342,10.21177212866342,10.21177212866342,20.42354425732684,1.76,3,0,3,0,3,1.0000000000000036,3,,0,,0
baseline,same,physical,50,1,3,3,0,0,0,25679,25679,37.08420124899993,0,0,0,0,0,25679,0,0,0,,,,,,0,False,8922.92223100003,11676.137260000018,11705.277272999978,103.66737099997181,133.3017380000001,153.95575999991706,6.889,20.867,36.916,1.1057950000576966,1.582953000024645,1.6165739999678408,358,658,688,1,1,1,29.580129000009947,58.146661000023414,103.87311600004523,4.2711688367153595,4.2711688367153595,0.0854233767343072,8.542337673430719,35.24000000000004,3,0,3,0,3,21.75999999999999,3,,0,,0
baseline,same,physical,50,50,3,3,0,0,0,43512,43512,66.31110350600008,0,0,0,0,0,43512,0,0,0,,,,,,0,False,16887.169838999966,22633.533210999987,22695.65673599999,101.96305800002392,124.07220400001506,141.6027959999724,5.936,14.21,28.59,0.6991900000343776,1.2159800000404175,1.4418750000118052,592,1104,1148,1,1,1,32.42660800003705,54.70725699996137,114.64661500002649,2.202987634737604,2.202987634737604,2.202987634737604,4.405975269475208,65.40999999999991,3,0,3,0,3,36.48000000000002,3,,0,,0
baseline,same,physical,100,1,3,3,0,0,0,101414,101414,146.842996884,0,0,0,0,0,101414,0,0,0,,,,,,0,False,34935.04988900002,46727.898203,46861.797476999986,214.96068699997295,254.12329900001396,254.34680699999035,5.78,13.575,65.406,1.3347499999554202,2.206415999978617,2.272640000001047,714,1236,1290,1,1,1,53.167764000022544,118.81210699999656,151.1747929999956,2.133199451960908,2.133199451960908,0.02133199451960908,4.266398903921816,144.95999999999992,3,0,3,0,3,86.26000000000002,3,,0,,0
baseline,same,physical,100,100,3,1,2,75,58,178159,178086,276.693390413,0,75,58,0,0,178159,0,0,0,,,,,,0,True,77024.43105700001,90027.82963899995,90028.60477000002,216.59093400000984,259.0450730000384,259.5141169999806,5.721,11.709,26.656,1.3584549999450246,2.301563000060014,2.3687880000125006,1318,1699,1700,1,1,1,61.071789000038734,139.3337499999916,165.49246799991124,0.7215803107917887,1.1107406201216323,0.7215803107917887,1.8317038658560791,275.07000000000005,3,0,3,0,3,147.88999999999996,3,,0,,0
baseline,same,virtual,1,1,3,3,0,0,0,0,0,0.053953229999990526,0,0,0,0,0,0,0,0,0,,,,,,0,False,25.668927999959124,25.668927999959124,25.668927999959124,14.040987999919707,14.040987999919707,14.040987999919707,0.62,1.805,1.805,0.02383399998961977,0.05645500004902715,0.05645500004902715,12,12,12,1,1,1,12.64846399999442,12.64846399999442,12.64846399999442,38.86897803894097,38.86897803894097,38.86897803894097,77.73795607788195,,0,,0,,0,,0,,0,,0
baseline,same,virtual,10,1,3,3,0,0,0,504,504,0.9273691500000325,0,0,0,0,0,504,0,0,0,,,,,,0,False,235.48548299999084,305.6930099999704,305.6930099999704,30.313657000021976,37.74818600004437,37.74818600004437,2.216,5.569,7.624,0.17117999999527456,0.2634829999692556,0.2729999999928623,39,71,71,1,1,1,7.470798999975159,16.287218000002213,39.056130999995275,32.69061791426939,32.69061791426939,3.2690617914269384,65.38123582853878,,0,,0,,0,,0,,0,,0
baseline,same,virtual,10,10,3,3,0,0,0,689,689,1.3166720059999761,0,0,0,0,0,689,0,0,0,,,,,,0,False,309.0006689999427,418.45136300003105,418.45136300003105,33.03041399999529,45.92851899997186,45.92851899997186,2.229,6.037,7.878,0.16459699997994903,0.24266299999453622,0.252019999948061,52,104,104,1,1,1,7.395697999982076,15.029641999944943,54.225766000058684,23.88609985896423,23.88609985896423,23.88609985896423,47.77219971792846,,0,,0,,0,,0,,0,,0
baseline,same,virtual,50,1,3,3,0,0,0,13213,13213,18.877331860000027,0,0,0,0,0,13213,0,0,0,,,,,,0,False,4796.145857000056,6193.775476000155,6210.696611000003,98.49821100010558,124.29302599980474,129.29560700013099,6.959,20.73,62.994,0.7057360000999324,1.1510470000075657,1.1725389999810432,187,335,359,1,1,1,29.45772099997157,57.31871600005434,117.15214799983187,8.049659692683363,8.049659692683363,0.16099319385366728,16.099319385366726,17.769999999999982,3,0,3,0,3,10.779999999999973,3,,0,,0
baseline,same,virtual,50,50,3,3,0,0,0,18742,18742,26.41883644799998,0,0,0,0,0,18742,0,0,0,,,,,,0,False,6478.003606000129,8645.101168999872,8670.989798999926,97.10254800006624,112.22929099994872,113.56985100019301,6.11,17.658,30.473,0.6617740000365302,1.1151199998948869,1.2566150001021015,252,490,510,1,1,1,29.024347000131456,52.52850499982742,119.55229000000145,5.7660167719663065,5.7660167719663065,5.7660167719663065,11.532033543932613,24.88000000000011,3,0,3,0,3,15.190000000000055,3,,0,,0
baseline,same,virtual,100,1,3,3,0,0,0,51174,51174,73.292188754,0,0,0,0,0,51174,0,0,0,,,,,,0,False,18268.638786999985,24127.398778000013,24196.018259,172.5068510000085,213.22021500000687,258.914357000009,6.464,21.04,64.868,1.4366990000098667,2.928562999983342,3.0149540000081743,349,609,639,1,1,1,54.41751300000419,121.47317800000224,147.31398000000695,4.13126908403889,4.13126908403889,0.041312690840388896,8.26253816807778,71.61000000000001,3,0,3,0,3,42.38,3,,0,,0
baseline,same,virtual,100,100,3,3,0,0,0,69571,69571,110.47825891399992,0,0,0,0,0,69571,0,0,0,,,,,,0,False,27280.07324600003,35384.89660100004,35476.83159099995,171.98725799994463,216.63884100007635,227.44534600008137,5.687,11.368,26.103,1.323239000043941,2.216269000086868,2.2842560000526646,478,842,882,1,1,1,58.46266300000025,121.62947899992105,159.63388600005146,2.8177596574031165,2.8177596574031165,2.8177596574031165,5.635519314806233,108.74000000000007,3,0,3,0,3,58.469999999999914,3,,0,,0
canonical,different,physical,10,10,3,3,0,0,0,1,1,0.6733658320000018,0,0,0,0,0,0,1,0,0,,,,,,0,False,209.3375230000447,213.3906010000146,213.3906010000146,32.60961299997689,38.46141899998656,38.46141899998656,2.815,7.13,8.493,0.1682040000332563,0.25779099996725563,0.3054910000628297,29,29,29,1,1,1,172.91251599999669,177.20911799995065,177.20911799995065,46.81843323741029,46.81843323741029,46.81843323741029,93.63686647482058,,0,,0,,0,,0,,0,,0
canonical,different,physical,50,50,3,3,0,0,0,2,2,3.035217659000068,0,0,0,0,0,0,2,0,0,,,,,,0,False,927.7057680000098,958.3362130000523,958.5955969999986,100.1669720000109,128.67079400007242,146.05652999989616,7.918,21.598,30.6,0.7285839999440213,1.228131000061694,1.2622149999970134,29,29,34,1,1,1,790.7500090000212,836.5978619999623,839.9612310000748,52.125197522830106,52.125197522830106,52.125197522830106,104.25039504566021,,2,,2,,2,,2,,0,,0
canonical,different,physical,100,100,3,3,0,0,0,0,0,5.881428888999977,0,0,0,0,0,0,0,0,0,,,,,,0,False,1827.4711110000226,1856.7742039999757,1858.123919000036,221.87951400002248,248.21962300001132,269.34354500002655,8.732,23.345,31.745,1.3665500000001884,2.313882000009926,2.4296270000263576,29,29,29,1,1,1,1551.6240800000105,1588.5272630000031,1610.204342999964,53.770830620157874,53.770830620157874,53.770830620157874,107.54166124031575,4.270000000000039,3,0,3,0,3,2.1700000000000017,3,,0,,0
canonical,different,virtual,10,10,3,3,0,0,0,8,8,0.3932619829999737,0,0,0,0,0,0,8,0,0,,,,,,0,False,117.969654000035,129.67020299998921,129.67020299998921,31.805098000006637,49.397907000013674,49.397907000013674,2.963,7.328,9.721,0.1767889999655381,0.2770549999695504,0.2877750000038759,13,18,18,1,1,1,71.91504299998996,87.32956000000058,87.32956000000058,76.99993055373766,76.99993055373766,76.99993055373766,153.9998611074753,,0,,0,,0,,0,,0,,0
canonical,different,virtual,50,50,3,3,0,0,0,4,4,1.543735536000014,0,0,0,0,0,0,4,0,0,,,,,,0,False,484.82520200002455,498.3446479999998,500.32237500005294,98.92375399999764,128.92576600000893,156.25735500003657,7.741,21.203,27.028,0.7471789999726752,1.2110250000318956,1.2472029999912593,13,13,18,1,1,1,345.1171250000016,368.21949400001586,376.5962310000077,99.7896326770349,99.7896326770349,99.7896326770349,199.5792653540698,,0,,0,,0,,0,,0,,0
canonical,different,virtual,100,100,3,3,0,0,0,0,0,3.0308051569999996,0,0,0,0,0,0,0,0,0,,,,,,0,False,988.0141419999973,1017.1707300000037,1018.4782089999942,179.40137100001152,207.21636499999363,210.49738300001763,8.781,25.906,35.622,1.3597780000225157,2.3248210000019753,2.3991390000048796,13,13,13,1,1,1,703.9400669999907,740.0860359999797,752.3951409999938,98.05202493364888,98.05202493364888,98.05202493364888,196.10404986729776,,2,,2,,2,,2,,0,,0
canonical,same,physical,1,1,3,3,0,0,0,3,3,0.08195165900008305,0,0,0,0,0,0,3,0,0,,,,,,0,False,47.96346700004506,47.96346700004506,47.96346700004506,14.098627000066699,14.098627000066699,14.098627000066699,0.525,1.886,3.316,0.023292999912882806,0.05502199996954005,0.05502199996954005,34,34,34,1,1,1,8.701967999968474,26.460851000024377,26.460851000024377,20.826775936143154,20.826775936143154,20.826775936143154,41.65355187228631,,0,,0,,0,,0,,0,,0
canonical,same,physical,10,1,3,3,0,0,0,1194,1194,2.061435287999956,0,0,0,0,0,1191,3,0,0,,,,,,0,False,529.7175869999933,683.1510829999843,683.1510829999843,33.30623600004401,51.182139000047755,51.182139000047755,2.357,6.25,8.544,0.16646900002115217,0.28013299998974617,0.290422999967177,91,165,165,1,1,1,7.748459000026742,14.615773000002719,60.37524799995708,14.635134884142335,14.635134884142335,1.4635134884142336,29.27026976828467,,1,,1,,1,,1,,0,,0
canonical,same,physical,10,10,3,3,0,0,0,1806,1806,3.0671522560000004,0,0,0,0,0,1806,0,0,0,,,,,,0,False,778.2148689999815,1035.888889000006,1035.888889000006,37.26741599999173,46.15118699999243,46.15118699999243,2.186,5.734,8.571,0.16102000000728367,0.2596730000163916,0.30080900000939437,137,269,269,1,1,1,7.018404999996619,13.783950999993522,68.02780300000677,9.651621787151406,9.651621787151406,9.651621787151406,19.30324357430281,,2,,2,,2,,2,,0,,0
canonical,same,physical,50,1,3,3,0,0,0,27837,27837,39.12736861100004,0,0,0,0,0,27834,3,0,0,,,,,,0,False,9391.941234999991,12404.670076000002,12439.593573000024,97.5220249999893,137.2230289999834,151.73244699997213,6.137,18.858,32.417,0.7511229999863644,1.1829799999532042,1.2163619999228104,397,753,771,1,1,1,28.650015999915013,56.75932500003,101.32390499995836,4.019307510187515,4.019307510187515,0.08038615020375031,8.03861502037503,37.849999999999966,3,0,3,0,3,23.110000000000014,3,,0,,0
canonical,same,physical,50,50,3,3,0,0,0,47419,47419,68.65957455399996,0,0,0,0,0,47419,0,0,0,,,,,,0,False,16355.010685999958,21597.950812999956,21656.668867000008,95.39116799999192,116.62370800002009,123.82585799997514,5.866,17.595,31.02,0.7274580000284914,1.1964440000156173,1.232670000035796,631,1243,1307,1,1,1,29.363360999923316,53.892217999987224,100.4777979999858,2.3086857484892254,2.3086857484892254,2.3086857484892254,4.617371496978451,67.63000000000002,3,0,3,0,3,39.97,3,,0,,0
canonical,same,physical,100,1,3,3,0,0,0,107750,107750,162.370169865,0,0,0,0,0,107747,3,0,0,,,,,,0,False,40493.526815,52551.78871300001,52681.352155000015,177.81696200000852,204.90277299995796,209.25805599995329,5.779,15.109,36.197,1.8850250000355118,2.802361000021847,2.870187000041824,725,1349,1399,1,1,1,57.97187699999995,118.91491699998369,145.83290299998453,1.8976894628695662,1.8976894628695662,0.018976894628695663,3.7953789257391324,161.17000000000002,3,0,3,0,3,92.75000000000003,3,,0,,0
canonical,same,physical,100,100,3,1,2,66,53,192239,192175,285.19913004400007,0,66,53,0,0,192239,0,0,0,,,,,,0,True,71888.35158699998,90019.817697,90020.09197999997,179.63472199994612,206.78247299997565,219.13150000000314,5.96,16.581,35.077,1.3406819999772779,2.2691350000059174,2.3340669999925012,1403,2102,2105,1,1,1,52.51095500000247,125.28882899994187,162.43859999997312,0.8331336773372237,1.1108449031162981,0.8331336773372237,1.943978580453522,284.0499999999998,3,0,3,0,3,159.6099999999999,3,,0,,0
canonical,same,virtual,1,1,3,3,0,0,0,3,3,0.0626309639999647,0,0,0,0,0,0,3,0,0,,,,,,0,False,32.333392999930766,32.333392999930766,32.333392999930766,14.278798999953324,14.278798999953324,14.278798999953324,0.598,1.87,1.87,0.025366999921061506,0.06363799991504493,0.06363799991504493,18,18,18,1,1,1,6.199912999932167,12.06816000001254,12.06816000001254,30.875160118624994,30.875160118624994,30.875160118624994,61.75032023724999,,0,,0,,0,,0,,0,,0
canonical,same,virtual,10,1,3,3,0,0,0,618,618,1.1011371170000075,0,0,0,0,0,615,3,0,0,,,,,,0,False,279.1606300000353,365.54457400001183,365.54457400001183,33.33185600001798,45.746612000016285,45.746612000016285,2.227,5.873,7.386,0.16618899996956316,0.2504249999901731,0.2594619999740644,48,86,86,1,1,1,7.744120000040766,16.662901000017882,42.5508259999674,27.344017052779943,27.344017052779943,2.7344017052779943,54.688034105559886,,0,,0,,0,,0,,0,,0
canonical,same,virtual,10,10,3,3,0,0,0,781,781,1.4337221440000008,0,0,0,0,0,779,2,0,0,,,,,,0,False,339.41445100003875,460.77204299990626,460.77204299990626,36.040623999952004,45.039844000029916,45.039844000029916,2.314,5.874,8.078,0.1710880000018733,0.28188600003886677,0.29108400008226454,58,113,113,1,1,1,7.64697400006753,15.004342999986875,61.142907999965246,21.695409421238097,21.695409421238097,21.695409421238097,43.39081884247619,,0,,0,,0,,0,,0,,0
canonical,same,virtual,50,1,3,3,0,0,0,15715,15715,22.2075589399999,0,0,0,0,0,15713,2,0,0,,,,,,0,False,5486.151462999942,7168.493868000041,7185.66870199993,99.04785700007324,120.45298400016691,125.14332900013869,7.507,20.949,53.949,0.6851780000260987,1.131111999939094,1.1829179998130712,218,404,420,1,1,1,29.88242500009619,59.84596300004341,135.7411989999946,6.95787053891216,6.95787053891216,0.1391574107782432,13.91574107782432,20.16999999999973,3,0,3,0,3,12.530000000000086,3,,0,,0
canonical,same,virtual,50,50,3,3,0,0,0,19629,19629,28.700675359,0,0,0,0,0,19629,0,0,0,,,,,,0,False,7071.169795999822,9539.632530000063,9564.92999299985,99.14852299993981,125.64809800005605,137.9450669999187,5.772,10.977,21.804,0.6736619998264359,1.1378819999663392,1.2172799999916606,283,541,567,1,1,1,28.894529000126568,48.80356700004995,126.6688250000243,5.227230209409831,5.227230209409831,5.227230209409831,10.454460418819663,26.460000000000036,3,0,3,0,3,15.389999999999986,3,,0,,0
canonical,same,virtual,100,1,3,3,0,0,0,56260,56260,85.511427397,0,0,0,0,0,56258,2,0,0,,,,,,0,False,21658.48952799999,28224.267795000003,28300.801027000005,173.80536699999993,212.3197520000133,212.82912800000986,5.869,14.174,38.263,1.3602820000073734,2.2319320000008247,2.298286000012695,396,686,716,1,1,1,56.164277999982914,120.34070400000019,155.17749200000708,3.532385467838783,3.532385467838783,0.03532385467838783,7.064770935677566,84.12,3,0,3,0,3,47.11,3,,0,,0
canonical,same,virtual,100,100,3,3,0,0,0,78026,78026,119.31313783799999,0,0,0,0,0,78026,0,0,0,,,,,,0,False,27451.63513,36458.84819100001,36559.469215000034,175.11426900000515,215.47288399995068,215.7858089999536,6.322,20.568,77.813,1.4275940000061382,2.43835300000228,2.5047270000868593,541,943,987,1,1,1,52.94623700001466,122.28440900003079,150.37955499997224,2.734326468044325,2.734326468044325,2.734326468044325,5.46865293608865,117.33999999999992,3,0,3,0,3,66.07999999999998,3,,0,,0
conditional,different,physical,10,10,3,3,0,0,0,5,5,0.6619136810000157,0,0,0,0,0,0,5,0,0,,,,,,0,False,206.54792800007726,212.21912700002576,212.21912700002576,31.903162000048724,57.87549499996203,57.87549499996203,2.952,7.178,8.493,0.1790329999948881,0.2697310000030484,0.27994999993552483,28,33,33,1,1,1,154.98623799999223,177.50780199992278,177.50780199992278,47.086881993036044,47.086881993036044,47.086881993036044,94.17376398607209,,0,,0,,0,,0,,0,,0
conditional,different,physical,50,50,3,3,0,0,0,0,0,2.8114194139999427,0,0,0,0,0,0,0,0,0,,,,,,0,False,878.4279369999695,898.9348690001862,899.7564740000144,96.49023100007525,112.02271199999814,120.01923899993017,7.583,19.876,28.543,0.6999250000490065,1.1987760000238268,1.2940850001541548,28,28,28,1,1,1,750.3713820001394,779.1054580000036,786.9842449999851,55.521337261882074,55.521337261882074,55.521337261882074,111.04267452376415,,1,,1,,1,,1,,0,,0
conditional,different,physical,100,100,3,3,0,0,0,0,0,5.562474268000017,0,0,0,0,0,0,0,0,0,,,,,,0,False,1738.5110739999732,1769.6016439999767,1770.8768299999633,178.86975599998323,206.6329239999618,208.63668600003393,9.039,23.046,34.163,1.4145000000098662,2.3748650000356974,2.445485999999164,28,28,28,1,1,1,1498.28676300001,1541.6348439999865,1565.4706339999507,56.41890070590576,56.41890070590576,56.41890070590576,112.83780141181153,3.0600000000000023,3,0,3,0,3,1.4699999999999989,3,,0,,0
conditional,different,virtual,10,10,3,3,0,0,0,4,4,0.36174682099994016,0,0,0,0,0,0,4,0,0,,,,,,0,False,111.2973380000426,113.44982200000686,113.44982200000686,34.18200099997648,36.247011000000384,36.247011000000384,2.789,6.748,8.881,0.1709189999701266,0.25961500000448723,0.269523999975263,12,12,12,1,1,1,58.54772499998262,76.50090700002465,76.50090700002465,87.99197379452633,87.99197379452633,87.99197379452633,175.98394758905266,,0,,0,,0,,0,,0,,0
conditional,different,virtual,50,50,3,3,0,0,0,1,1,1.5615335689999768,0,0,0,0,0,0,1,0,0,,,,,,0,False,481.31137699999726,496.5347520000023,497.15202900000577,105.31666800000039,127.66752099997802,130.45494799996504,8.499,25.829,35.722,0.7126699999844277,1.154794999990827,1.2649209999722189,12,12,12,1,1,1,338.0828650000467,367.75801900000715,374.8111900000026,100.43449428570868,100.43449428570868,100.43449428570868,200.86898857141736,,0,,0,,0,,0,,0,,0
conditional,different,virtual,100,100,3,3,0,0,0,0,0,2.8616859740000002,0,0,0,0,0,0,0,0,0,,,,,,0,False,887.7468999999962,917.0949859999951,918.5787509999841,206.06191000001672,206.87432500000114,214.01704199999472,9.073,25.287,42.526,1.3878379999994195,2.2613670000168895,2.3269590000154494,12,12,12,1,1,1,635.0348409999924,673.9578250000022,677.6225979999992,108.69864185916731,108.69864185916731,108.69864185916731,217.39728371833462,,1,,1,,1,,1,,0,,0
conditional,same,physical,1,1,3,3,0,0,0,2,2,0.07659916999989491,0,0,0,0,0,0,2,0,0,,,,,,0,False,43.84977400002299,43.84977400002299,43.84977400002299,13.903503000165074,13.903503000165074,13.903503000165074,0.503,1.704,3.157,0.02292299996042857,0.054420999958892935,0.054420999958892935,33,33,33,1,1,1,8.465400999966732,24.88229699997646,24.88229699997646,22.772434086961894,22.772434086961894,22.772434086961894,45.54486817392379,,0,,0,,0,,0,,0,,0
conditional,same,physical,10,1,3,3,0,0,0,1141,1141,1.9586513789999174,0,0,0,0,0,1138,3,0,0,,,,,,0,False,476.848179000001,616.3039129999675,616.3039129999675,31.38625500002945,47.550628999999844,47.550628999999844,2.327,5.853,8.353,0.16791399997373446,0.2552779999973609,0.2650559999892721,90,154,154,1,1,1,7.591270000034456,14.990013999977236,59.934392999991815,16.221723500112788,16.221723500112788,1.6221723500112788,32.443447000225575,,0,,0,,0,,0,,0,,0
conditional,same,physical,10,10,3,3,0,0,0,1739,1739,2.9294263679999997,0,0,0,0,0,1739,0,0,0,,,,,,0,False,715.4775829999949,960.1388879999888,960.1388879999888,30.116863999978705,43.331124999980375,43.331124999980375,2.181,6.005,8.208,0.16295399998966786,0.24702100000695282,0.2557370000033643,134,254,254,1,1,1,7.111557000001767,14.069830000011052,74.98429400001783,10.413472138835518,10.413472138835518,10.413472138835518,20.826944277671036,,1,,1,,1,,1,,0,,0
conditional,same,physical,50,1,3,3,0,0,0,25187,25187,37.947494629999994,0,0,0,0,0,25185,2,0,0,,,,,,0,False,9321.26722999999,12109.675648999997,12142.036809000047,100.41360200000327,127.2923849999188,127.42427000000589,6.718,20.4,37.01,0.695969999924273,1.1868969999113688,1.2184259999230562,346,616,644,1,1,1,31.10031300002447,60.10373099991284,125.14331099998799,4.117790633102859,4.117790633102859,0.08235581266205719,8.235581266205719,36.84000000000003,3,0,3,0,3,22.00999999999999,3,,0,,0
conditional,same,physical,50,50,3,3,0,0,0,46044,46044,66.67121408699998,0,0,0,0,0,46044,0,0,0,,,,,,0,False,16406.401026000025,21759.986708999975,21821.116065000013,114.23773199999232,124.61844700004576,132.76260399999273,5.873,12.814,26.813,0.7171600000219769,1.1782710000147745,1.2102809999987585,678,1146,1174,1,1,1,28.657023999983267,51.87235599998985,109.64239599996972,2.2912950021581806,2.2912950021581806,2.2912950021581806,4.582590004316361,65.06999999999996,3,0,3,0,3,39.36000000000004,3,,0,,0
conditional,same,physical,100,1,3,3,0,0,0,98614,98614,145.848549269,0,0,0,0,0,98612,2,0,0,,,,,,0,False,36960.70422899999,48270.32759899998,48398.780146000034,215.55706500004135,249.6573530000319,257.59706000002325,5.827,17.049,35.033,1.4565170000082617,2.349246000051153,2.4176040000156718,676,1194,1238,1,1,1,56.914463999987674,116.18488900001012,146.37709999999515,2.065599846572796,2.065599846572796,0.02065599846572796,4.131199693145592,143.70000000000002,3,0,3,0,3,79.68,3,,0,,0
conditional,same,physical,100,100,3,1,2,66,55,186762,186698,274.09875043899996,0,66,55,0,0,186762,0,0,0,,,,,,0,True,73452.54750300001,90020.91307099999,90021.04321299998,174.3440489999557,204.5653750000156,210.02248799993595,5.825,16.23,33.913,1.3360330000296017,2.250261999961367,2.3171960000354375,1338,1889,1892,1,1,1,55.20850200002769,126.81432600004428,158.4976500000721,0.8109089148295209,1.1108341299034532,0.8109089148295209,1.921743044732974,272.0100000000001,3,0,3,0,3,151.6799999999999,3,,0,,0
conditional,same,virtual,1,1,3,3,0,0,0,3,3,0.06225623099999211,0,0,0,0,0,0,3,0,0,,,,,,0,False,29.80106000006799,29.80106000006799,29.80106000006799,14.313042000026144,14.313042000026144,14.313042000026144,0.544,1.81,1.81,0.02093899990995851,0.050293999947825796,0.050293999947825796,17,17,17,1,1,1,6.1879329999783295,10.70312499996362,10.70312499996362,33.50413069076639,33.50413069076639,33.50413069076639,67.00826138153278,,0,,0,,0,,0,,0,,0
conditional,same,virtual,10,1,3,3,0,0,0,562,562,1.0506446549999566,0,0,0,0,0,559,3,0,0,,,,,,0,False,262.7305500000148,337.518604999957,337.518604999957,37.59403800000882,47.34525700001768,47.34525700001768,2.385,6.446,8.768,0.1669409999749405,0.2608350000059545,0.2702529999965009,41,81,81,1,1,1,8.05131499998879,16.51541000001089,41.643160000035095,29.613904427018372,29.613904427018372,2.961390442701837,59.227808854036745,,0,,0,,0,,0,,0,,0
conditional,same,virtual,10,10,3,3,0,0,0,699,699,1.2738178159999336,0,0,0,0,0,698,1,0,0,,,,,,0,False,327.2361680000131,433.7945510000054,433.7945510000054,33.05664300000899,36.64198100000249,36.64198100000249,2.359,6.294,8.267,0.1665110000885761,0.24966700004824816,0.25845300001492433,52,104,104,1,1,1,7.71946499992282,15.135286000031556,59.57754100006696,23.047401819490123,23.047401819490123,23.047401819490123,46.094803638980245,,0,,0,,0,,0,,0,,0
conditional,same,virtual,50,1,3,3,0,0,0,13432,13432,20.08852145899982,0,0,0,0,0,13429,3,0,0,,,,,,0,False,4884.150297000133,6517.482072000121,6534.649485000045,110.78485699999874,139.46508399999402,173.63148999993427,7.587,20.849,39.042,0.7318150001083268,1.1564369999632618,1.1883060001309786,187,355,369,1,1,1,29.81715200007784,58.439996000061,134.4898119998561,7.650602460989555,7.650602460989555,0.15301204921979109,15.30120492197911,17.710000000000036,3,0,3,0,3,10.56000000000006,3,,0,,0
conditional,same,virtual,50,50,3,3,0,0,0,18914,18914,28.210347485000057,0,0,0,0,0,18914,0,0,0,,,,,,0,False,6708.08835899993,8918.328998000106,8941.96473399984,105.05659699992975,126.88214499985406,146.21679799984122,7.37,13.578,37.313,0.6866400001399597,1.1337339999499818,1.2519350000275153,258,490,510,1,1,1,29.25409700014825,53.678611000123055,140.01319299995885,5.591275212860832,5.591275212860832,5.591275212860832,11.182550425721663,26.479999999999905,3,0,3,0,3,15.350000000000023,3,,0,,0
conditional,same,virtual,100,1,3,3,0,0,0,53839,53839,72.12652934600001,0,0,0,0,0,53837,2,0,0,,,,,,0,False,17273.089851999997,23171.411019000003,23239.277995999997,218.7493540000105,255.92780700000617,257.14670299998943,9.192,23.816,71.852,1.3849340000149368,2.2218729999963216,2.28646399997956,363,693,719,1,1,1,51.399387999992996,114.00969399997507,152.17059799999788,4.301357144798606,4.301357144798606,0.04301357144798606,8.602714289597213,70.86,3,0,3,0,3,43.86999999999999,3,,0,,0
conditional,same,virtual,100,100,3,3,0,0,0,72902,72902,108.24035392000002,0,0,0,0,0,72902,0,0,0,,,,,,0,False,27527.754425000014,35902.24590900004,36004.33087200008,167.467391999935,217.73422199999004,218.30407600009494,5.831,12.98,70.193,1.5755519999629541,2.4829359999785083,2.5692369999887887,512,920,952,1,1,1,57.15537499997936,133.610922999992,155.9900459999426,2.7765222269455605,2.7765222269455605,2.7765222269455605,5.553044453891121,106.69999999999999,3,0,3,0,3,61.09000000000003,3,,0,,0
